{
  "IconPickerIconsPerRow": 15,
  "IconPickerIconSize": 20,
  "UseNewMemoryBackend": {
    "Value": true,
    "AttachedHotkey": {
      "ValueV2": {
        "ControllerKey": "None",
        "ControllerModifierKey": "None",
        "Key": "None"
      }
    }
  },
  "Profiles": {
    "Value": "global"
  },
  "Theme": {
    "Value": "Default"
  },
  "MainMenuKeyToggle": {
    "ValueV2": {
      "ControllerKey": "None",
      "ControllerModifierKey": "None",
      "Key": "F12"
    }
  },
  "PauseAllPluginsHotkey": {
    "ValueV2": {
      "ControllerKey": "None",
      "ControllerModifierKey": "None",
      "Key": "None"
    }
  },
  "PluginSettings": {
    "MultiThreadLoadPlugins": {
      "Value": false,
      "AttachedHotkey": {
        "ValueV2": {
          "ControllerKey": "None",
          "ControllerModifierKey": "None",
          "Key": "None"
        }
      }
    },
    "AvoidLockingDllFiles": {
      "Value": false,
      "AttachedHotkey": {
        "ValueV2": {
          "ControllerKey": "None",
          "ControllerModifierKey": "None",
          "Key": "None"
        }
      }
    },
    "PreferSourcePlugins": {
      "Value": false,
      "AttachedHotkey": {
        "ValueV2": {
          "ControllerKey": "None",
          "ControllerModifierKey": "None",
          "Key": "None"
        }
      }
    },
    "BuildAllPluginsAtOnce_v2": {
      "Value": true,
      "AttachedHotkey": {
        "ValueV2": {
          "ControllerKey": "None",
          "ControllerModifierKey": "None",
          "Key": "None"
        }
      }
    },
    "CachePluginCompilationResults": {
      "Value": true,
      "AttachedHotkey": {
        "ValueV2": {
          "ControllerKey": "None",
          "ControllerModifierKey": "None",
          "Key": "None"
        }
      }
    },
    "IgnoreReferenceChangesForCompilationCache": {
      "Value": false,
      "AttachedHotkey": {
        "ValueV2": {
          "ControllerKey": "None",
          "ControllerModifierKey": "None",
          "Key": "None"
        }
      }
    },
    "FolderSettings": {
      "PluginFolders": [],
      "PluginFolderMapping": {}
    },
    "NotificationSettings": {
      "Show": {
        "Value": false,
        "AttachedHotkey": {
          "ValueV2": {
            "ControllerKey": "None",
            "ControllerModifierKey": "None",
            "Key": "None"
          }
        }
      },
      "ShowWhenNoNotifications": {
        "Value": true,
        "AttachedHotkey": {
          "ValueV2": {
            "ControllerKey": "None",
            "ControllerModifierKey": "None",
            "Key": "None"
          }
        }
      },
      "MoveWhenSettingsOpen": {
        "Value": true,
        "AttachedHotkey": {
          "ValueV2": {
            "ControllerKey": "None",
            "ControllerModifierKey": "None",
            "Key": "None"
          }
        }
      },
      "MinMapEventLevel": {
        "Value": "Information"
      },
      "MinEventLevel": {
        "Value": "Information"
      },
      "VerboseNotificationColor": "808080ff",
      "DebugNotificationColor": "ffffffff",
      "InfoNotificationColor": "ffffffff",
      "WarningNotificationColor": "ffff00ff",
      "ErrorNotificationColor": "ff0000ff",
      "FatalNotificationColor": "ff0000ff",
      "CategoriesSettings": {
        "Plugins": {}
      }
    }
  },
  "PerformanceSettings": {
    "EntityParserThreads": {
      "Value": 1
    },
    "TargetFps": {
      "Value": 60
    },
    "EntitiesFps": {
      "Value": 60
    },
    "ParseServerEntities": {
      "Value": true,
      "AttachedHotkey": {
        "ValueV2": {
          "ControllerKey": "None",
          "ControllerModifierKey": "None",
          "Key": "None"
        }
      }
    },
    "LimitDrawPlot": {
      "Value": 0.2
    },
    "MaxGroundItemLabels": {
      "Value": 5000
    },
    "MaxEntities": {
      "Value": 10000
    }
  },
  "AttachToMainProcessWindow": {
    "Value": true,
    "AttachedHotkey": {
      "ValueV2": {
        "ControllerKey": "None",
        "ControllerModifierKey": "None",
        "Key": "None"
      }
    }
  },
  "TryLoadingStatDescriptionsFromGameData": {
    "Value": false,
    "AttachedHotkey": {
      "ValueV2": {
        "ControllerKey": "None",
        "ControllerModifierKey": "None",
        "Key": "None"
      }
    }
  },
  "RepairInvalidGameAddress": {
    "Value": true,
    "AttachedHotkey": {
      "ValueV2": {
        "ControllerKey": "None",
        "ControllerModifierKey": "None",
        "Key": "None"
      }
    }
  },
  "AreaRefreshDelay": {
    "Value": 1.0
  },
  "CacheEntitiesBetweenZones": {
    "Value": true,
    "AttachedHotkey": {
      "ValueV2": {
        "ControllerKey": "None",
        "ControllerModifierKey": "None",
        "Key": "None"
      }
    }
  },
  "GlobalEntityCacheExpirationMinutes": {
    "Value": 20.0
  },
  "UseOldStyleListNode": {
    "Value": false,
    "AttachedHotkey": {
      "ValueV2": {
        "ControllerKey": "None",
        "ControllerModifierKey": "None",
        "Key": "None"
      }
    }
  },
  "EnableVSync": {
    "Value": false,
    "AttachedHotkey": {
      "ValueV2": {
        "ControllerKey": "None",
        "ControllerModifierKey": "None",
        "Key": "None"
      }
    }
  },
  "FontSettings": {
    "Fonts": {
      "Content": [
        {
          "Font": {
            "Value": "unifont"
          },
          "Sizes": {
            "Content": [
              {
                "Value": 16
              }
            ]
          }
        }
      ]
    },
    "MainFont": {
      "Value": "Default:13"
    },
    "FontGlyphRange": {
      "Value": "English"
    },
    "ApplySelectedFontGlobally": {
      "Value": true,
      "AttachedHotkey": {
        "ValueV2": {
          "ControllerKey": "None",
          "ControllerModifierKey": "None",
          "Key": "None"
        }
      }
    }
  },
  "MouseCursorScale": {
    "Value": 1.01
  },
  "Volume": {
    "Value": 100
  },
  "ShowDebugWindow": {
    "Value": false,
    "AttachedHotkey": {
      "ValueV2": {
        "ControllerKey": "None",
        "ControllerModifierKey": "None",
        "Key": "None"
      }
    }
  },
  "ShowLogWindow": {
    "Value": false,
    "AttachedHotkey": {
      "ValueV2": {
        "ControllerKey": "None",
        "ControllerModifierKey": "None",
        "Key": "None"
      }
    }
  },
  "LoggingSettings": {
    "MinimumLogLevel": {
      "Value": "Verbose"
    },
    "TimestampColor": "808080ff",
    "VerboseLogColor": "808080ff",
    "DebugLogColor": "ffffffff",
    "InfoLogColor": "ffffffff",
    "WarningLogColor": "ffff00ff",
    "ErrorLogColor": "ff0000ff",
    "DefaultVerboseLogDisplayTime": {
      "Value": 1.0
    },
    "DefaultDebugLogDisplayTime": {
      "Value": 1.0
    },
    "DefaultInfoLogDisplayTime": {
      "Value": 1.0
    },
    "DefaultWarningLogDisplayTime": {
      "Value": 5.0
    },
    "DefaultErrorLogDisplayTime": {
      "Value": 5.0
    }
  },
  "DebugSettings": {
    "ShowDemoWindow": {
      "Value": false,
      "AttachedHotkey": {
        "ValueV2": {
          "ControllerKey": "None",
          "ControllerModifierKey": "None",
          "Key": "None"
        }
      }
    },
    "HideAllDebugging": {
      "Value": true,
      "AttachedHotkey": {
        "ValueV2": {
          "ControllerKey": "None",
          "ControllerModifierKey": "None",
          "Key": "None"
        }
      }
    },
    "DebugFileLoads": {
      "Value": false,
      "AttachedHotkey": {
        "ValueV2": {
          "ControllerKey": "None",
          "ControllerModifierKey": "None",
          "Key": "None"
        }
      }
    },
    "DebugDatLoads": {
      "Value": false,
      "AttachedHotkey": {
        "ValueV2": {
          "ControllerKey": "None",
          "ControllerModifierKey": "None",
          "Key": "None"
        }
      }
    }
  },
  "Enable": {
    "Value": false,
    "AttachedHotkey": {
      "ValueV2": {
        "ControllerKey": "None",
        "ControllerModifierKey": "None",
        "Key": "None"
      }
    }
  },
  "ForceForeground": {
    "Value": false,
    "AttachedHotkey": {
      "ValueV2": {
        "ControllerKey": "None",
        "ControllerModifierKey": "None",
        "Key": "None"
      }
    }
  },
  "FileReloadPeriod": {
    "Value": 1000
  },
  "DisableBlackBarAdjustment": {
    "Value": false,
    "AttachedHotkey": {
      "ValueV2": {
        "ControllerKey": "None",
        "ControllerModifierKey": "None",
        "Key": "None"
      }
    }
  },
  "SnapshotSettings": {
    "TakeSnapshotHotkey": {
      "ValueV2": {
        "ControllerKey": "None",
        "ControllerModifierKey": "None",
        "Key": "None"
      }
    },
    "FreezeProcessDuringSnapshot": {
      "Value": false,
      "AttachedHotkey": {
        "ValueV2": {
          "ControllerKey": "None",
          "ControllerModifierKey": "None",
          "Key": "None"
        }
      }
    }
  }
}