{
  "ToggleWindowState": false,
  "ToggleWindowUsingHotkey": {
    "Value": false,
    "AttachedHotkey": {
      "ValueV2": {
        "ControllerKey": "None",
        "ControllerModifierKey": "None",
        "Key": "None"
      }
    }
  },
  "ToggleWindowKey": {
    "ValueV2": {
      "ControllerKey": "None",
      "ControllerModifierKey": "None",
      "Key": "NumPad9"
    }
  },
  "DebugUIHoverItemKey": {
    "ValueV2": {
      "ControllerKey": "None",
      "ControllerModifierKey": "None",
      "Key": "NumPad5"
    }
  },
  "SaveHoveredDevTreeNodeKey": {
    "ValueV2": {
      "ControllerKey": "None",
      "ControllerModifierKey": "None",
      "Key": "NumPad8"
    }
  },
  "NearestEntitiesRange": {
    "Value": 300
  },
  "LimitForCollections": {
    "Value": 500
  },
  "FrameColor": "ffff00ff",
  "ErrorColor": "ff0000ff",
  "HideAddresses": {
    "Value": false,
    "AttachedHotkey": {
      "ValueV2": {
        "ControllerKey": "None",
        "ControllerModifierKey": "None",
        "Key": "None"
      }
    }
  },
  "RegisterInspector": {
    "Value": true,
    "AttachedHotkey": {
      "ValueV2": {
        "ControllerKey": "None",
        "ControllerModifierKey": "None",
        "Key": "None"
      }
    }
  },
  "ShowOldEntityControls": {
    "Value": false,
    "AttachedHotkey": {
      "ValueV2": {
        "ControllerKey": "None",
        "ControllerModifierKey": "None",
        "Key": "None"
      }
    }
  },
  "PinDisplay": {
    "Colors": {
      "PinBottom": "ffffffff",
      "PinStalk": "ffffffff",
      "PinHovered": "008000ff",
      "PinEntityInvalid": "ff0000ff"
    },
    "PinSizes": {
      "PinHoveredExpansionFactor": {
        "Value": 2.0
      },
      "PinBottom": {
        "Value": 4.0
      },
      "PinStalk": {
        "Value": 100.0
      },
      "PinTopScale": {
        "Value": 1.0
      }
    }
  },
  "Enable": {
    "Value": false,
    "AttachedHotkey": {
      "ValueV2": {
        "ControllerKey": "None",
        "ControllerModifierKey": "None",
        "Key": "None"
      }
    }
  },
  "ExclusionSettings": {
    "Exclusions": null
  },
  "CustomExpressions": {
    "Content": []
  }
}