{
  "Enable": {
    "Value": false,
    "AttachedHotkey": {
      "ValueV2": {
        "ControllerKey": "None",
        "ControllerModifierKey": "None",
        "Key": "None"
      }
    }
  },
  "IgnoreFullscreenPanels": {
    "Value": false,
    "AttachedHotkey": {
      "ValueV2": {
        "ControllerKey": "None",
        "ControllerModifierKey": "None",
        "Key": "None"
      }
    }
  },
  "IgnoreLargePanels": {
    "Value": false,
    "AttachedHotkey": {
      "ValueV2": {
        "ControllerKey": "None",
        "ControllerModifierKey": "None",
        "Key": "None"
      }
    }
  },
  "EntityLookupRange": {
    "Value": 120
  },
  "EntityGroups": {
    "Content": []
  },
  "BlacklistTemplates": {
    "Content": []
  },
  "CollectUnknownEffects": {
    "Value": true,
    "AttachedHotkey": {
      "ValueV2": {
        "ControllerKey": "None",
        "ControllerModifierKey": "None",
        "Key": "None"
      }
    }
  },
  "UnknownEffects": {
    "Content": [
      {
        "Value": "Metadata/Terrain/Tools/AudioTools/G4_3_2/G4_3_2_SingingCaverns.ao"
      },
      {
        "Value": "Metadata/Terrain/Gallows/Act4/4_3_2/Objects/JellyLight.ao"
      },
      {
        "Value": "Metadata/Effects/Spells/rare_kill/tombstoneChest.ao"
      },
      {
        "Value": "Metadata/Effects/Spells/grd_Zones/grd_Shocked01.ao"
      },
      {
        "Value": "Metadata/Terrain/Tools/AudioTools/Endgame/Maps/Riverside/Map_RiversideScatterer.ao"
      },
      {
        "Value": "ERROR PATH"
      },
      {
        "Value": "Metadata/Terrain/Tools/AudioTools/G3_6_2/G3_6_2_TheLowerMachinariumScatterer.ao"
      },
      {
        "Value": "Metadata/Terrain/Doodads/Jungle/VaalProps/GlyphrailsConnector01_01.ao"
      },
      {
        "Value": "Metadata/Terrain/Doodads/Jungle/VaalProps/GlyphrailsSingleCap01_01.ao"
      },
      {
        "Value": "Metadata/Terrain/Jungle/VaalInterior/BreakableArchways/ThinDoor01.ao"
      },
      {
        "Value": "Metadata/Terrain/Doodads/Jungle/VaalProps/GlyphrailsSingleT01_01.ao"
      },
      {
        "Value": "Metadata/Terrain/Doodads/Jungle/VaalProps/GlyphrailsSingleConnector01_01.ao"
      },
      {
        "Value": "Metadata/Terrain/Doodads/Jungle/VaalProps/GlyphrailsSingleCross01_01.ao"
      },
      {
        "Value": "Metadata/Terrain/Doodads/Jungle/VaalProps/GlyphrailsSingleStraight01_02.ao"
      },
      {
        "Value": "Metadata/Terrain/Doodads/Jungle/VaalProps/GlyphrailsCurve02_01.ao"
      },
      {
        "Value": "Metadata/Monsters/VaalMonsters/Zealots/Knifestick/VaalKnifestickAggroAudio.ao"
      },
      {
        "Value": "Metadata/Monsters/VaalMonsters/Zealots/Dagger/VaalDaggerAggroAudio.ao"
      },
      {
        "Value": "Metadata/Effects/Spells/undead_summon_skeletons/summon_circle.ao"
      },
      {
        "Value": "Metadata/Terrain/Doodads/Jungle/VaalLight/VaalTorch.ao"
      },
      {
        "Value": "Metadata/Effects/Spells/monsters_effects/Act3_FOUR/VaalZealotKnifestickChaos/ao/stab.ao"
      },
      {
        "Value": "Metadata/Effects/misc/blank.ao"
      },
      {
        "Value": "Metadata/Monsters/VaalHumanoids/VaalHumanoidSwordShield/VaalHumanoid04_Aggro.ao"
      },
      {
        "Value": "Metadata/Terrain/Doodads/Jungle/VaalProps/GlyphrailsSingleConnector02_01.ao"
      },
      {
        "Value": "Metadata/Monsters/VaalMonsters/Zealots/Spear/VaalSpearAggroAudio.ao"
      },
      {
        "Value": "Metadata/Effects/Spells/monsters_effects/Act3_FOUR/VaalZealotSpearChaos/ao/ViperSnap_marker.ao"
      },
      {
        "Value": "Metadata/Monsters/VaalMonsters/Machinarium/Wraith/ProwlingShadeAggroAudio.ao"
      },
      {
        "Value": "Metadata/Effects/Spells/monsters_effects/Act3_FOUR/VaalZealotSpearChaos/ao/ViperSnap.ao"
      },
      {
        "Value": "Metadata/Effects/Spells/monsters_effects/Act3_FOUR/VaalZealotSpearChaos/ao/viperSnapEmerge.ao"
      },
      {
        "Value": "Metadata/Monsters/Daemon/Daemon.ao"
      },
      {
        "Value": "Metadata/Monsters/VaalMonsters/Living/VaalStormcallerAggroAudio.ao"
      },
      {
        "Value": "Metadata/Monsters/VaalHumanoids/VaalHumanoidGoliathFist/VaalHumanoid02_Aggro.ao"
      },
      {
        "Value": "Metadata/Terrain/Doodads/Jungle/VaalProps/GlyphrailsStair01_01.ao"
      },
      {
        "Value": "Metadata/Effects/Spells/monsters_effects/Act3_FOUR/VaalHumanoid02/RocketFist_wall_impact_01.ao"
      },
      {
        "Value": "Metadata/Terrain/Doodads/Jungle/VaalProps/GlyphrailsSingleStraight01_01.ao"
      },
      {
        "Value": "Metadata/Effects/Spells/storm_cloud/rig.ao"
      },
      {
        "Value": "Metadata/Effects/Spells/storm_cloud/aoe_marker.ao"
      },
      {
        "Value": "Metadata/Effects/Spells/storm_cloud/arc_beam.ao"
      },
      {
        "Value": "Metadata/Terrain/Doodads/Jungle/VaalProps/VaalPots/VaalPotCluster01.ao"
      },
      {
        "Value": "Metadata/Effects/Environment/Endgame/Strongboxes/chest_fog.ao"
      },
      {
        "Value": "Metadata/Effects/Environment/shrine/lightning/lightningstorm_trackingbolt.ao"
      },
      {
        "Value": "Metadata/Monsters/BloodMonsters/CretinAggroAudio.ao"
      },
      {
        "Value": "Metadata/Effects/Spells/monsters_effects/Gallows/Act1/LivingBlood/LivingBlood.ao"
      },
      {
        "Value": "Metadata/Monsters/Ghouls/GhoulAggroAudio.ao"
      },
      {
        "Value": "Metadata/Monsters/SkeletalReaper/SkeletalReaperAggroAudio.ao"
      },
      {
        "Value": "Metadata/Effects/Spells/monsters_effects/Act1_FOUR/Graveyard/skeleton_caster/ao/onact_cast_lightning.ao"
      },
      {
        "Value": "Metadata/Terrain/Doodads/Jungle/VaalProps/VaalPots/VaalPotLarge01.ao"
      },
      {
        "Value": "Metadata/Effects/misc/unique_drop/uniquedrop.ao"
      },
      {
        "Value": "Metadata/Terrain/Doodads/Jungle/VaalProps/VaalPots/VaalPotCluster10.ao"
      },
      {
        "Value": "Metadata/Items/Currency/CoinPileMedium.ao"
      },
      {
        "Value": "Metadata/Terrain/Doodads/Jungle/VaalProps/VaalPots/VaalPotLarge02.ao"
      },
      {
        "Value": "Metadata/Effects/Spells/monsters_effects/Act3_FOUR/VaalHumanoid02/RocketFist_grd_impact_01.ao"
      },
      {
        "Value": "Metadata/Effects/Spells/monsters_effects/Act3_FOUR/VaalZealotSpearCold/ao/FrozenSphere_end.ao"
      },
      {
        "Value": "Metadata/Terrain/Doodads/Jungle/VaalProps/GlyphrailsCap03_01.ao"
      },
      {
        "Value": "Metadata/Effects/Spells/monsters_effects/Act3_FOUR/VaalSorcerer/ao/BallLightning/orb_bolt.ao"
      },
      {
        "Value": "Metadata/Effects/Spells/rare_kill/groundBurst.ao"
      },
      {
        "Value": "Metadata/Effects/Spells/lightning_arc/arc_grd_hit.ao"
      },
      {
        "Value": "Metadata/Items/Currency/CoinPileLarge.ao"
      },
      {
        "Value": "Metadata/Effects/Spells/monsters_effects/Act3_FOUR/VaalZealotSpearCold/ao/FrozenSphere_Impact.ao"
      },
      {
        "Value": "Metadata/Effects/Spells/monsters_effects/League_Hellscape/elite_xenobyte_succubus/screech.ao"
      },
      {
        "Value": "Metadata/Effects/Spells/monsters_effects/monster_mods/ice/chilled_ground/ao/grd_Chilled01.ao"
      },
      {
        "Value": "Metadata/Effects/Spells/lightning_manatempest/mana_Tempest.ao"
      },
      {
        "Value": "Metadata/Monsters/VaalMonsters/ViperLegionnaire/ViperLegionnareClawsAggroAudio.ao"
      },
      {
        "Value": "Metadata/Terrain/Dungeon/TreasureVault/TreasureVaultBarrier/TreasureVaultBarrier.ao"
      },
      {
        "Value": "Metadata/Terrain/Jungle/Observatorium/boss_pillars.ao"
      },
      {
        "Value": "Metadata/Terrain/Doodads/Jungle/VaalProps/LeftMedallionRail.ao"
      },
      {
        "Value": "Metadata/Terrain/Doodads/Jungle/VaalProps/RightMedallionRail.ao"
      },
      {
        "Value": "Metadata/Terrain/Doodads/Jungle/VaalProps/LeftMedallionLastRail.ao"
      },
      {
        "Value": "Metadata/Terrain/Doodads/Jungle/VaalProps/RightMedallionLastRail.ao"
      },
      {
        "Value": "Metadata/Monsters/VaalBossStatue/VaalBossStatueGem.ao"
      },
      {
        "Value": "Metadata/Terrain/Doodads/IncaDungeon/letter.ao"
      },
      {
        "Value": "Metadata/Terrain/Dungeon/Machinarium/BossWallEmerge/HandLeftDebris.ao"
      },
      {
        "Value": "Metadata/Terrain/Dungeon/Machinarium/BossWallEmerge/HandRightDebris.ao"
      },
      {
        "Value": "Metadata/Terrain/Dungeon/Machinarium/BossWallEmerge/HeadDebris.ao"
      },
      {
        "Value": "Metadata/Terrain/Dungeon/Machinarium/BossWallEmerge/LowerLeftDebris.ao"
      },
      {
        "Value": "Metadata/Terrain/Dungeon/Machinarium/BossWallEmerge/LowerMiddleDebris.ao"
      },
      {
        "Value": "Metadata/Terrain/Dungeon/Machinarium/BossWallEmerge/LowerRightDebris.ao"
      },
      {
        "Value": "Metadata/Terrain/Dungeon/Machinarium/BossWallEmerge/ShouldersDebris.ao"
      },
      {
        "Value": "Metadata/Effects/Spells/necromancer_offerings/Offering_AoE.ao"
      },
      {
        "Value": "Metadata/Effects/Spells/chaos_ritualofpower/beam.ao"
      },
      {
        "Value": "Metadata/Effects/Spells/monsters_effects/League_Ritual/charges_ritual/lightning_beam.ao"
      },
      {
        "Value": "Metadata/Effects/Spells/monsters_effects/monster_mods/lightning/explode_on_death/ao/lightning_beacons.ao"
      },
      {
        "Value": "Metadata/Effects/Spells/monsters_effects/aura/nemesis_mod/static_discharge/summon/lightningspawn.ao"
      },
      {
        "Value": "Metadata/Effects/misc/essence_coin_drop/essencecoindrop.ao"
      },
      {
        "Value": "Metadata/Effects/Spells/monsters_effects/aura/nemesis_mod/static_discharge/discharge/lightningblast.ao"
      },
      {
        "Value": "Metadata/Effects/Spells/monsters_effects/League_Hellscape/elite_xenobyte_sage/crystal_mortar_impact.ao"
      },
      {
        "Value": "Metadata/Effects/Spells/monsters_effects/monster_mods/exploding_orbs/exploding_orb.ao"
      },
      {
        "Value": "Metadata/Effects/Spells/monsters_effects/monster_mods/fire/flame_waller/ao/flame_wall.ao"
      },
      {
        "Value": "Metadata/Effects/Spells/monsters_effects/Act3_FOUR/ViperLegionaire/ropeattach.ao"
      },
      {
        "Value": "Metadata/Effects/Spells/rare_kill/groundBurst_final.ao"
      },
      {
        "Value": "Metadata/Terrain/Tools/AudioTools/Endgame/Maps/Bluff/Map_BluffScatterer.ao"
      },
      {
        "Value": "Metadata/Monsters/ConstrictorCorpse/ConstrictorCorpseAggroAudio.ao"
      },
      {
        "Value": "Metadata/Effects/Spells/monsters_effects/monster_mods/lightning/periodic_lightning_storm/ao/lightning_zap_marker.ao"
      },
      {
        "Value": "Metadata/Effects/Spells/monsters_effects/monster_mods/lightning/periodic_lightning_storm/ao/lightning_zap.ao"
      },
      {
        "Value": "Metadata/Monsters/VaalSavage/CannibalTribeMaleAggroAudio.ao"
      },
      {
        "Value": "Metadata/Effects/Spells/debuff_fx/armour_break_final.ao"
      },
      {
        "Value": "Metadata/Effects/Spells/monsters_effects/Act3_FOUR/CannibalShaman/ao/mortar_impact.ao"
      },
      {
        "Value": "Metadata/Effects/Spells/monsters_effects/Act3_FOUR/CannibalShaman/ao/caustic_grd.ao"
      },
      {
        "Value": "Metadata/Monsters/VaalSavage/CannibalTribeShamanAggroAudio.ao"
      },
      {
        "Value": "Metadata/Monsters/GoreCharger/AggroAudio/GoreChargerAggroAudio.ao"
      },
      {
        "Value": "Metadata/Monsters/VaalSavage/BogTribeMaleAggroAudio.ao"
      },
      {
        "Value": "Metadata/Monsters/Crow/CrowCarrionAggroAudio.ao"
      },
      {
        "Value": "Metadata/Monsters/ScarecrowBeast/ScarecrowBeastAggroAudio.ao"
      },
      {
        "Value": "Metadata/Effects/Spells/monsters_effects/Act3_FOUR/CannibalShaman/ao/buff_aoe.ao"
      },
      {
        "Value": "Metadata/Effects/Spells/monsters_effects/Act1_FOUR/Scarecrow/leapslam_02.ao"
      },
      {
        "Value": "Metadata/Effects/Spells/monsters_effects/Act3_FOUR/CannibalTribe_Spear/ao/spear_proj.ao"
      },
      {
        "Value": "Metadata/Terrain/Tools/AudioTools/Endgame/Maps/Steppe/Map_SteppeScatterer.ao"
      },
      {
        "Value": "Metadata/Effects/Spells/monsters_effects/Act2_FOUR/MeleeSpider/puddle3.ao"
      },
      {
        "Value": "Metadata/Effects/Spells/monsters_effects/Act2_FOUR/MeleeSpider/puddle2.ao"
      },
      {
        "Value": "Metadata/Effects/Spells/monsters_effects/Act2_FOUR/MeleeSpider/puddle.ao"
      },
      {
        "Value": "Metadata/Monsters/TwigMonsters/DredgeFiendAggroAudio.ao"
      },
      {
        "Value": "Metadata/Monsters/RabidFeralDogMonster/RabidFeralDogAggroAudio.ao"
      },
      {
        "Value": "Metadata/Monsters/QuillCrab/QuillCrabAggroAudio.ao"
      },
      {
        "Value": "Metadata/Effects/Spells/monsters_effects/Gallows/Act1/QuillCrab/quill_Projectile_fire.ao"
      },
      {
        "Value": "Metadata/Effects/Spells/monsters_effects/Act3_FOUR/SwampHost/on_act/host_death_01/onAct.ao"
      },
      {
        "Value": "Metadata/Effects/Spells/monsters_effects/League_Ritual/charges_ritual/cold_beam.ao"
      },
      {
        "Value": "Metadata/Effects/Spells/monsters_effects/Act3_FOUR/DredgeFiend/ao/mortar_impact.ao"
      },
      {
        "Value": "Metadata/Effects/Spells/grd_Zones/grd_Burning01.ao"
      },
      {
        "Value": "Metadata/Effects/Spells/aura_discipline/Audio/DisciplineOffAudio.ao"
      },
      {
        "Value": "Metadata/Terrain/Tools/AudioTools/Endgame/Maps/UniqueVault/Map_UniqueVaultScatterer.ao"
      },
      {
        "Value": "Metadata/Terrain/Tools/AudioTools/G3_9/G3_9_TreasureVaultScatterer.ao"
      },
      {
        "Value": "Metadata/Terrain/Tools/AudioTools/G3_9/AbyssAudio.ao"
      },
      {
        "Value": "Metadata/Terrain/Dungeon/TreasureVault/GoldChannel.ao"
      },
      {
        "Value": "Metadata/Terrain/Doodads/Jungle/TreasureVaultLight/gold_light.ao"
      },
      {
        "Value": "Metadata/Terrain/Jungle/VaalInterior/Doors/BrutalistDoor.ao"
      },
      {
        "Value": "Metadata/Effects/Spells/monsters_effects/League_Ritual/charges_ritual/fire_beam.ao"
      },
      {
        "Value": "Metadata/Effects/Spells/monsters_effects/monster_mods/fire/explode_on_death/ao/fire_beacons.ao"
      },
      {
        "Value": "Metadata/Effects/Spells/monsters_effects/Act3_FOUR/ViperLegionaire/SmokeCloud_Shoot.ao"
      },
      {
        "Value": "Metadata/Effects/Spells/monsters_effects/Act3_FOUR/ViperLegionaire/SmokeCloud_Shoot_Arrow.ao"
      },
      {
        "Value": "Metadata/Effects/Spells/monsters_effects/Act3_FOUR/ViperLegionaire/bow_attack_01.ao"
      },
      {
        "Value": "Metadata/Monsters/VaalMonsters/ViperLegionnaire/ViperLegionnaireBowsAggroAudio.ao"
      },
      {
        "Value": "Metadata/Effects/Spells/monsters_effects/League_Archnemesis/mechanics/shroud.ao"
      },
      {
        "Value": "Metadata/Effects/Spells/ground_effects_v2/smoke_blind/smoke_blind.ao"
      },
      {
        "Value": "Metadata/Effects/Spells/monsters_effects/Act3_FOUR/GoldenOnes/on_act/death/death.ao"
      },
      {
        "Value": "Metadata/Effects/Spells/monsters_effects/Act3_FOUR/ViperLegionaire/claw_teleport.ao"
      },
      {
        "Value": "Metadata/Effects/Spells/monsters_effects/Act3_FOUR/VaalHumanoidStalker/leapslam_01_impact.ao"
      },
      {
        "Value": "Metadata/Effects/Spells/monsters_effects/League_Expedition/dynamic_marker/place_explosive_audio.ao"
      },
      {
        "Value": "Metadata/MiscellaneousObjects/Expedition/cratermiddle01_1.ao"
      },
      {
        "Value": "Metadata/Effects/Spells/monsters_effects/League_Expedition/mechanics/explosives/explosive_blast.ao"
      },
      {
        "Value": "Metadata/Effects/Spells/monsters_effects/League_Expedition/mechanics/relics/shockwave.ao"
      },
      {
        "Value": "Metadata/Effects/Spells/monsters_effects/League_Expedition/mechanics/monster_emerge/emerge_relic.ao"
      },
      {
        "Value": "Metadata/Effects/Spells/monsters_effects/Act2_FOUR/MaggotHusks/groundeffect.ao"
      },
      {
        "Value": "Metadata/Effects/Spells/monsters_effects/Act2_FOUR/MaggotHusks/puddle.ao"
      },
      {
        "Value": "Metadata/Effects/Spells/monsters_effects/League_Expedition/general/zombie/cold_mist.ao"
      },
      {
        "Value": "Metadata/Effects/Spells/monsters_effects/League_Expedition/general/bone_cultist/impact_egg.ao"
      },
      {
        "Value": "Metadata/Effects/Spells/monsters_effects/League_Expedition/general/bone_cultist/egg_explosion.ao"
      },
      {
        "Value": "Metadata/Effects/Spells/monsters_effects/monster_mods/ice/chilled_ground/ao/surge_pulse.ao"
      },
      {
        "Value": "Metadata/Effects/Spells/grd_Zones/grd_Chilled01.ao"
      },
      {
        "Value": "Metadata/Effects/Spells/monsters_effects/League_Expedition/general/bloat_zombie/explode.ao"
      },
      {
        "Value": "Metadata/Effects/Spells/monsters_effects/Act2_FOUR/MaggotHusks/puddle3.ao"
      },
      {
        "Value": "Metadata/Monsters/ArmadilloDemon/ArmadilloDemonAggroAudio.ao"
      },
      {
        "Value": "Metadata/Monsters/RatMonster/RatMonsterAggroAudio.ao"
      },
      {
        "Value": "Metadata/Effects/Spells/monsters_effects/Act3_FOUR/VaalZealotSpearBlood/mortar_impact.ao"
      },
      {
        "Value": "Metadata/Monsters/WereCat/TigerChimeralAggroAudio.ao"
      },
      {
        "Value": "Metadata/Monsters/ZombieTreasureHunters/ZombieTreasureHunter_03/IllFatedExplorer03AggroAudio.ao"
      },
      {
        "Value": "Metadata/Effects/Spells/monsters_effects/Act3_FOUR/IllFatedExplorer/ao/death_spores.ao"
      },
      {
        "Value": "Metadata/Monsters/SaplingMonster/TwigMonsterAggroAudio.ao"
      },
      {
        "Value": "Metadata/Monsters/ZombieTreasureHunters/ZombieTreasureHunter_01/IllFatedExplorer01AggroAudio.ao"
      },
      {
        "Value": "Metadata/Monsters/ZombieTreasureHunters/ZombieTreasureHunter_04/IllFatedExplorer04AggroAudio.ao"
      },
      {
        "Value": "Metadata/Effects/Spells/monsters_effects/Act1_FOUR/TwigMonster/poison_pod_summon.ao"
      },
      {
        "Value": "Metadata/Monsters/ZombieTreasureHunters/ZombieTreasureHunter_02/IllFatedExplorer02AggroAudio.ao"
      },
      {
        "Value": "Metadata/Effects/Spells/monsters_effects/Act1_FOUR/TwigMonster/seed_Explode.ao"
      },
      {
        "Value": "Metadata/Effects/Spells/monsters_effects/League_Archnemesis/mechanics/flameblood_volatile_shield_explode.ao"
      },
      {
        "Value": "Metadata/Monsters/VaalHumanoids/VaalHumanoidBow/VaalHumanoid07_Aggro.ao"
      },
      {
        "Value": "Metadata/Effects/Spells/monsters_effects/Act3_FOUR/VaalHumanoid01/ao/lightning_grenade_explosion.ao"
      },
      {
        "Value": "Metadata/Effects/Spells/monsters_effects/Act3_FOUR/VaalHumanoidCannon/ao/skitterbot_explosion.ao"
      },
      {
        "Value": "Metadata/Effects/Spells/monsters_effects/Act3_FOUR/ProwlingShade/ao/ice_beam.ao"
      },
      {
        "Value": "Metadata/Monsters/Mutewind/BanditMan/MutewindBanditManAggroAudio.ao"
      },
      {
        "Value": "Metadata/Effects/Spells/monsters_effects/Act3_FOUR/VaalHumanoid_07/SR_impact_lightning.ao"
      },
      {
        "Value": "Metadata/Effects/Spells/monsters_effects/Act3_FOUR/VaalHumanoid_07/SR_lightning_beam.ao"
      },
      {
        "Value": "Metadata/Monsters/Mutewind/BanditBoy/MutewindBanditBoyAggroAudio.ao"
      },
      {
        "Value": "Metadata/Effects/Spells/monsters_effects/monster_mods/ice/explode_on_death/ao/ice_beacons.ao"
      },
      {
        "Value": "Metadata/Effects/Spells/monsters_effects/monster_mods/lightning/shocked_ground/ao/shocked_ground.ao"
      },
      {
        "Value": "Metadata/Effects/Spells/lightning_herald_of_thunder/epk/HeraldOfThunder_SurgeAudio.ao"
      },
      {
        "Value": "Metadata/Effects/Spells/lightning_herald_of_thunder/epk/HeraldOfThunder_OffAudio.ao"
      },
      {
        "Value": "Metadata/Effects/Microtransactions/Character_FX/jellyfish/fish_beam_project.ao"
      },
      {
        "Value": "Metadata/Effects/Microtransactions/Character_FX/jellyfish/fish_beam_big_project.ao"
      },
      {
        "Value": "Metadata/Effects/Microtransactions/foot_prints/harmony_divergence/footprints_divergence.ao"
      },
      {
        "Value": "Metadata/Effects/Spells/lightning_lightningbolt/bolt.ao"
      },
      {
        "Value": "Metadata/Effects/Microtransactions/pets/summon/unsummon.ao"
      },
      {
        "Value": "Metadata/Terrain/Tools/AudioTools/Endgame/Maps/Mesa/Map_MesaScatterer.ao"
      },
      {
        "Value": "Metadata/Effects/Environment/Gallows/Act2/g2_4_1/footstep_M.ao"
      },
      {
        "Value": "Metadata/Monsters/WingedFiend/WingedFiendAggroAudio.ao"
      },
      {
        "Value": "Metadata/Monsters/VaalMonsters/Living/VaalAxeThrowerAggroAudio.ao"
      },
      {
        "Value": "Metadata/Effects/Environment/water_splash/water_splash.ao"
      },
      {
        "Value": "Metadata/Effects/Environment/Gallows/Act2/g2_4_1/footstep_S_puff.ao"
      },
      {
        "Value": "Metadata/Monsters/BoneCultists/BoneCultists_Shield/attachments/BoneCultistShield_shieldHeld.ao"
      },
      {
        "Value": "Metadata/Effects/Spells/monsters_effects/Act2_FOUR/PitifulFabrications/buff_beam.ao"
      },
      {
        "Value": "Metadata/Effects/Spells/monsters_effects/Act2_FOUR/Spiker/spike.ao"
      },
      {
        "Value": "Metadata/Monsters/HyenaMonster/HyenaMonsterAggroAudio.ao"
      },
      {
        "Value": "Metadata/Monsters/HyenaMonster/HyenaCentaurAggroAudio.ao"
      },
      {
        "Value": "Metadata/Terrain/Tools/AudioTools/Endgame/Maps/Slick/Map_SlickScatterer.ao"
      },
      {
        "Value": "Metadata/Monsters/VaalMonsters/Living/VaalShapeshifterAggroAudio.ao"
      },
      {
        "Value": "Metadata/Monsters/DrudgeMiners/DrudgeMiner01_Aggro.ao"
      },
      {
        "Value": "Metadata/Effects/Spells/monsters_effects/Act2_FOUR/forsakenMiner/ao/explosion.ao"
      },
      {
        "Value": "Metadata/Effects/Spells/monsters_effects/Act2_FOUR/DrudgeMiner/grenade_bounce_sparks.ao"
      },
      {
        "Value": "Metadata/Effects/Spells/base_arrow_attack/bouncing_rig.ao"
      },
      {
        "Value": "Metadata/Effects/Spells/monsters_effects/detonate_dead/fire_explosion_01.ao"
      },
      {
        "Value": "Metadata/Effects/Spells/monsters_effects/detonate_dead/fire_core_explosion_01.ao"
      },
      {
        "Value": "Metadata/Effects/Spells/monsters_effects/Act3_FOUR/VaalGuards/VaalGuard02/ao/line_slam.ao"
      },
      {
        "Value": "Metadata/Terrain/Tools/AudioTools/Endgame/Maps/Willow/Map_WillowScatterer.ao"
      },
      {
        "Value": "Metadata/Monsters/FungusZombie/EnrageAudio.ao"
      },
      {
        "Value": "Metadata/Monsters/FungusZombie/FungusZombieAggroAudio.ao"
      },
      {
        "Value": "Metadata/Effects/Spells/monsters_effects/Act1_FOUR/Fungal_Cave/spore_bombs/FungalCascadeBombAudio.ao"
      },
      {
        "Value": "Metadata/Effects/Spells/monsters_effects/Act1_FOUR/FungalArtillery/ao/fungal_ground.ao"
      },
      {
        "Value": "Metadata/Effects/Spells/monsters_effects/Gallows/Act1/FungalArtillery/burst.ao"
      },
      {
        "Value": "Metadata/Effects/Spells/monsters_effects/Gallows/Act1/Wraith/lightning/impact.ao"
      },
      {
        "Value": "Metadata/Effects/Spells/monsters_effects/Gallows/Act1/Wraith/lightning/ProjectileBounceAudio.ao"
      },
      {
        "Value": "Metadata/Monsters/Mercenary/Infected/audio/InfectedMercenaryAggroAudio.ao"
      },
      {
        "Value": "Metadata/Monsters/FungusZombie/FungalmancerAggroAudio.ao"
      },
      {
        "Value": "Metadata/Effects/Spells/monsters_effects/Act1_FOUR/Graveyard/skeleton_caster/ao/onact_cast_fire.ao"
      },
      {
        "Value": "Metadata/Monsters/TheCountsEliteGuardCorrupted/VariantA/TheCountsEliteGuardCorruptedVariantA_AggroAudio.ao"
      },
      {
        "Value": "Metadata/Monsters/TheCountsGuardEliteCorruptedMageLessCorrupted/TheCountsGuardEliteCorruptedMageLessCorrupted_AggroAudio.ao"
      },
      {
        "Value": "Metadata/Monsters/TheCountsEliteGuardCorrupted/MeleeVariantB/TheCountsEliteGuardCorruptedMeleeVariantB_AggroAudio.ao"
      },
      {
        "Value": "Metadata/Monsters/Zombies/Fungal/MushroomFungusAggroAudio.ao"
      },
      {
        "Value": "Metadata/Effects/Spells/monsters_effects/AtlasofWorldsBosses/CleansingFodder_Minions/ao/meteor_fall.ao"
      },
      {
        "Value": "Metadata/Effects/Spells/monsters_effects/Gallows/Act1/FungalArtillery/fungalimpact.ao"
      },
      {
        "Value": "Metadata/Terrain/Tools/AudioTools/Endgame/Maps/Decay/Map_DecayScatterer.ao"
      },
      {
        "Value": "Metadata/Monsters/BoneCultists/BoneCultists_Savage/BoneCultistSavageAggroAudio.ao"
      },
      {
        "Value": "Metadata/Monsters/SerpentClanMonster/SerpentClanAggroSmallAudio.ao"
      },
      {
        "Value": "Metadata/Monsters/SerpentClanMonster/SerpentClanAggroAudio.ao"
      },
      {
        "Value": "Metadata/Effects/Spells/debuff_fx/Audio/FreezeShatter.ao"
      },
      {
        "Value": "Metadata/Monsters/RamGiant/RottingRamGiantAggroAudio.ao"
      },
      {
        "Value": "Metadata/Effects/Spells/monsters_effects/Act2_FOUR/BoneCultists/spawn_01.ao"
      },
      {
        "Value": "Metadata/Effects/Spells/monsters_effects/Act2_FOUR/PitifulFabrications/buff.ao"
      },
      {
        "Value": "Metadata/Effects/Spells/monsters_effects/Act2_FOUR/PitifulFabrications/impact.ao"
      },
      {
        "Value": "Metadata/Monsters/SerpentClanMonster/Effects/Ao/cursespell_impact.ao"
      },
      {
        "Value": "Metadata/Monsters/SerpentClanMonster/Effects/Ao/acidspit.ao"
      },
      {
        "Value": "Metadata/Effects/Spells/monsters_effects/Act1_FOUR/Fungal_Cave/spore_bombs/FungusBombAudio.ao"
      },
      {
        "Value": "Metadata/Effects/Spells/monsters_effects/Gallows/Act1/FungalArtillery/podburst.ao"
      },
      {
        "Value": "Metadata/Effects/Spells/monsters_effects/Act1_FOUR/FungusBehemoth/swamp_mortar_spam_impact.ao"
      },
      {
        "Value": "Metadata/Effects/Spells/monsters_effects/Act1_FOUR/FungusBehemoth/onAct_death_impact.ao"
      },
      {
        "Value": "Metadata/Terrain/Tools/AudioTools/Endgame/Maps/SteamingSprings/Map_SteamingSpringsScatterer.ao"
      },
      {
        "Value": "Metadata/Effects/Spells/monsters_effects/League_Affliction/encounter_object/mo_grd.ao"
      },
      {
        "Value": "Metadata/Effects/Spells/monsters_effects/League_Delirium/DeliriumMonsters/Rage/leaveGround.ao"
      },
      {
        "Value": "Metadata/Effects/Spells/monsters_effects/League_Delirium/DeliriumMonsters/Rage/hitGround.ao"
      },
      {
        "Value": "Metadata/Effects/Spells/monsters_effects/League_Delirium/DeliriumMonsters/Spite/lightningzap_hit.ao"
      },
      {
        "Value": "Metadata/Effects/Spells/monsters_effects/League_Delirium/DeliriumMonsters/Malice/onDeath_buildUp.ao"
      },
      {
        "Value": "Metadata/Effects/Spells/monsters_effects/League_Delirium/DeliriumMonsters/Spite/deceleratingLightningBallExplode.ao"
      },
      {
        "Value": "Metadata/Effects/Spells/monsters_effects/League_Affliction/affliction_manifests/sanic/explode_spikes.ao"
      },
      {
        "Value": "Metadata/Monsters/CrazedCannibalPicts/CrazedCannibalPicts_Male/Audio/PictMaleAggroAudio.ao"
      },
      {
        "Value": "Metadata/Monsters/Wretches/CoffinWretchAggroAudio.ao"
      },
      {
        "Value": "Metadata/Monsters/SandLeaper02/CragLeaperAggroAudio.ao"
      },
      {
        "Value": "Metadata/Effects/Spells/monsters_effects/League_Delirium/Demons/LightningElectricFlail/electrical_hit.ao"
      },
      {
        "Value": "Metadata/Effects/Spells/monsters_effects/Act1_FOUR/CoffinWretch/onAct_spellcast_01.ao"
      },
      {
        "Value": "Metadata/Effects/Spells/monsters_effects/monster_mods/fire/burned_ground/ao/grd_Burning01.ao"
      },
      {
        "Value": "Metadata/Terrain/Tools/AudioTools/G1_15/G1_15_TheIronManorScatterer.ao"
      },
      {
        "Value": "Metadata/Terrain/Doodads/Islands/PrisonIsland/PrisonTorches/PrisonStandingTorch01_AlwaysOnLight.ao"
      },
      {
        "Value": "Metadata/Terrain/Woods/Manor/Arena/EntranceElevator/EntranceElevator.ao"
      },
      {
        "Value": "Metadata/Terrain/Woods/Manor/Arena/StoneCircle.ao"
      },
      {
        "Value": "Metadata/Monsters/Baron/Phase2/BaronPhase2.ao"
      },
      {
        "Value": "Metadata/Effects/Spells/bow_shocking_arrow/projectile.ao"
      },
      {
        "Value": "Metadata/Effects/Spells/bow_shocking_arrow/bolt.ao"
      },
      {
        "Value": "Metadata/Effects/Spells/monsters_effects/Act1_FOUR/Baron/sword_proj.ao"
      },
      {
        "Value": "Metadata/Effects/Spells/spell_surges/muzzleFlash.ao"
      },
      {
        "Value": "Metadata/Effects/Spells/monsters_effects/Act1_FOUR/Baron/icewall_segment_R.ao"
      },
      {
        "Value": "Metadata/Effects/Spells/monsters_effects/Act1_FOUR/Baron/icewall_segment_L.ao"
      },
      {
        "Value": "Metadata/Effects/Spells/monsters_effects/Act1_FOUR/Baron/rune_rings.ao"
      },
      {
        "Value": "Metadata/Monsters/Baron/Objects/BaronHumanFormSword.ao"
      },
      {
        "Value": "Metadata/Monsters/Baron/Phase2/BaronPhase2Wolf.ao"
      },
      {
        "Value": "Metadata/Effects/Spells/monsters_effects/Act1_FOUR/Baron/bloodfissure_beam.ao"
      },
      {
        "Value": "Metadata/Monsters/Werewolves/WerewolfMoonClanBaronSummon.ao"
      },
      {
        "Value": "Metadata/Effects/Spells/monsters_effects/Act1_FOUR/Baron/blood_summon.ao"
      },
      {
        "Value": "Metadata/Monsters/Werewolves/audio/WerewolfMoonClanAggroAudio.ao"
      },
      {
        "Value": "Metadata/Effects/Spells/monsters_effects/Act1_FOUR/Baron/blood_comet_impact.ao"
      },
      {
        "Value": "Metadata/Terrain/Tools/AudioTools/G1_15/BossArenaEnvFirstFloorAudio.ao"
      },
      {
        "Value": "Metadata/Terrain/Tools/AudioTools/G1_15/BossArenaEnvElevatorAudio.ao"
      },
      {
        "Value": "Metadata/Effects/Spells/monsters_effects/Act1_FOUR/Baron/icewall_lacerate_L.ao"
      },
      {
        "Value": "Metadata/Effects/Spells/monsters_effects/Act1_FOUR/Baron/icewall_lacerate_R.ao"
      },
      {
        "Value": "Metadata/Effects/Spells/monsters_effects/Act1_FOUR/Baron/bloodfissure_open.ao"
      },
      {
        "Value": "Metadata/Effects/Spells/monsters_effects/Act1_FOUR/Baron/blood_dash_orb.ao"
      },
      {
        "Value": "Metadata/Effects/Spells/lightning_herald_of_thunder/epk/HeraldOfThunder_EmpoweredAudio.ao"
      },
      {
        "Value": "Metadata/Effects/Spells/lightning_herald_of_thunder/thunder_bolt.ao"
      },
      {
        "Value": "Metadata/Effects/Spells/monsters_effects/Act1_FOUR/Baron/blood_dash_detonate.ao"
      },
      {
        "Value": "Metadata/Effects/Spells/monsters_effects/Act1_FOUR/Baron/frozen_minion_explode.ao"
      },
      {
        "Value": "Metadata/Effects/Spells/monsters_effects/Act1_FOUR/Baron/sword_recall_aoe.ao"
      },
      {
        "Value": "Metadata/Monsters/Baron/Phase3/BaronPhase3.ao"
      },
      {
        "Value": "Metadata/Effects/Spells/monsters_effects/Act1_FOUR/Baron/moonbeam.ao"
      },
      {
        "Value": "Metadata/Effects/Spells/monsters_effects/Act1_FOUR/Baron/ice_pepperoni_01.ao"
      },
      {
        "Value": "Metadata/Effects/weather_attachments/G1_15/weather_attachment.ao"
      },
      {
        "Value": "Metadata/Monsters/BloodMonsters/Cretin.ao"
      },
      {
        "Value": "Metadata/Monsters/TheCountsEliteGuardCorrupted/VariantA/TheCountsEliteGuardCorruptedVariantA.ao"
      },
      {
        "Value": "Metadata/Monsters/BloodMonsters/Carrier.ao"
      },
      {
        "Value": "Metadata/Monsters/BloodMonsters/Courtesan.ao"
      },
      {
        "Value": "Metadata/Monsters/BloodMonsters/Collector.ao"
      },
      {
        "Value": "Metadata/Monsters/BloodMonsters/BloodCarrierAggroAudio.ao"
      },
      {
        "Value": "Metadata/Effects/Spells/monsters_effects/Gallows/Act1/LivingBlood/bloodpop.ao"
      },
      {
        "Value": "Metadata/Effects/Spells/bow_freezingsalvo/projectile.ao"
      },
      {
        "Value": "Metadata/Effects/Spells/bow_freezingsalvo/freezingSalvo_AoE.ao"
      },
      {
        "Value": "Metadata/Effects/Spells/spell_surges/arrow_lightning.ao"
      },
      {
        "Value": "Metadata/Effects/Spells/monsters_effects/Act1_FOUR/Baron/shard_proj.ao"
      },
      {
        "Value": "Metadata/Effects/Spells/monsters_effects/Act1_FOUR/Baron/ice_breath_grd_once.ao"
      },
      {
        "Value": "Metadata/Effects/Spells/monsters_effects/Act1_FOUR/Baron/detonation_wave.ao"
      },
      {
        "Value": "Metadata/Effects/Spells/monsters_effects/Act1_FOUR/Baron/moonlight_TEMP.ao"
      },
      {
        "Value": "Metadata/Effects/Spells/monsters_effects/Act1_FOUR/Baron/fog_border.ao"
      },
      {
        "Value": "Metadata/Monsters/Werewolves/WerewolfProwlerRed.ao"
      },
      {
        "Value": "Metadata/Monsters/Baron/Phase3/BaronPhase3FogClone.ao"
      },
      {
        "Value": "Metadata/Effects/Spells/monsters_effects/Act1_FOUR/Baron/moonbeam_enraged.ao"
      },
      {
        "Value": "Metadata/Effects/Spells/ranger_frostescape/frostEscape_AoE_01.ao"
      },
      {
        "Value": "Metadata/Monsters/Sentinels/TendrilSentinel.ao"
      },
      {
        "Value": "Metadata/Terrain/Tools/AudioTools/G1_15/BossArenaEnvSecondFloorAudio.ao"
      },
      {
        "Value": "Metadata/Terrain/Tools/AudioTools/G1_15/ManorHole.ao"
      },
      {
        "Value": "Metadata/Monsters/TheCountsGuardEliteCorruptedMageLessCorrupted/TheCountsGuardEliteCorruptedMageLessCorrupted.ao"
      },
      {
        "Value": "Metadata/Monsters/TheCountsEliteGuardCorrupted/Ranged/TheCountsEliteGuardCorruptedRanged.ao"
      },
      {
        "Value": "Metadata/Items/Currency/CoinPileSmall.ao"
      },
      {
        "Value": "Metadata/Monsters/TheCountsEliteGuardCorrupted/VariantB/TheCountsEliteGuardCorruptedVariantB.ao"
      },
      {
        "Value": "Metadata/Effects/Spells/monsters_effects/Gallows/Act1/BloodCourtesan/bloodspear.ao"
      },
      {
        "Value": "Metadata/Effects/Spells/monsters_effects/Gallows/Act1/BloodCourtesan/bloodimpact.ao"
      },
      {
        "Value": "Metadata/Effects/Spells/monsters_effects/Act1_FOUR/TheCountsGuardEliteCorruptedMageLessCorrupted/fireball.ao"
      },
      {
        "Value": "Metadata/Effects/Spells/bow_lightning_arrow/projectile_01.ao"
      },
      {
        "Value": "Metadata/Effects/Spells/warrior_shockwave_totem/aoe_slam_01.ao"
      },
      {
        "Value": "Metadata/Terrain/Woods/Manor/Arena/BeastCage.ao"
      },
      {
        "Value": "Metadata/Effects/Spells/lightning_spark/spark_projectile.ao"
      },
      {
        "Value": "Metadata/Items/Quivers/QuiversFour/BroadheadQuiver/BroadheadQuiverArrowFlying.ao"
      },
      {
        "Value": "Metadata/Monsters/Totems/ShockwaveTotem/ShockwaveTotem.ao"
      },
      {
        "Value": "Metadata/Monsters/Mercenary/Infected/InfectedMercenary.ao"
      },
      {
        "Value": "Metadata/Effects/Spells/spear_whirlingslash/whirlingSlash_AoE.ao"
      },
      {
        "Value": "Metadata/Effects/Spells/bow_lightning_rod_rain/projectile_01.ao"
      },
      {
        "Value": "Metadata/Effects/Spells/spear_tornadoes/mini_tornado.ao"
      },
      {
        "Value": "Metadata/Effects/Spells/bow_lightning_rod_rain/lightning_nova.ao"
      },
      {
        "Value": "Metadata/Effects/Spells/spear_lightningspear/lightningSpear_01.ao"
      },
      {
        "Value": "Metadata/Effects/Spells/spear_lightningspear/lightning_Bolt.ao"
      },
      {
        "Value": "Metadata/Effects/Spells/bow_electrocuting_rod/footsteps.ao"
      },
      {
        "Value": "Metadata/Effects/Spells/warrior_totems/global/summoningFissure.ao"
      },
      {
        "Value": "Metadata/Effects/Spells/spear_lightningspear/lightning_spear_terrain_impact.ao"
      },
      {
        "Value": "Metadata/Effects/Spells/warrior_totems/global/summoningFissure_Start.ao"
      },
      {
        "Value": "Metadata/Items/Quivers/QuiversFour/FireQuiver/FireQuiverArrowFlying.ao"
      },
      {
        "Value": "Metadata/Effects/Spells/base_arrow_attack/arrow_base.ao"
      },
      {
        "Value": "Metadata/Effects/Spells/spear_lightningspear/secondaryProjectile_Impact.ao"
      },
      {
        "Value": "Metadata/Effects/Spells/bow_electrocuting_rod/projectile_01.ao"
      },
      {
        "Value": "Metadata/Effects/Spells/debuff_fx/Audio/Chill.ao"
      },
      {
        "Value": "Metadata/Effects/Spells/spear_lightningspear/lightningSpear_02.ao"
      },
      {
        "Value": "Metadata/Effects/Spells/spear_tornadoes/mini_tornado_COLD.ao"
      },
      {
        "Value": "Metadata/Effects/Spells/spear_whirlingslash/detonation_AoE.ao"
      },
      {
        "Value": "Metadata/Effects/Spells/spear_disengage/area.ao"
      },
      {
        "Value": "Metadata/Effects/Spells/party_effects/revive/AOs/revive_Blast.ao"
      },
      {
        "Value": "Metadata/Effects/Spells/herald_of_fire/EPKs/HeraldOfAsh_OffAudio.ao"
      },
      {
        "Value": "Metadata/Monsters/Skeletons/PlayerSummoned/Warrior/SkeletonWarriorPlayerSummoned.ao"
      },
      {
        "Value": "Metadata/Monsters/Skeletons/PlayerSummoned/Arsonist/SkeletonArsonistPlayerSummoned.ao"
      },
      {
        "Value": "Metadata/Effects/Spells/undead_summon_skeletons/skeleton_grenade.ao"
      },
      {
        "Value": "Metadata/Effects/Spells/undead_summon_skeletons/skeleton_grenade_explosion.ao"
      },
      {
        "Value": "Metadata/Effects/Spells/bone_raisingwave/raisingWave.ao"
      },
      {
        "Value": "Metadata/Effects/Spells/flame_wall/flame_wall_cast.ao"
      },
      {
        "Value": "Metadata/Effects/Spells/flame_wall/flame_enchant.ao"
      },
      {
        "Value": "Metadata/Effects/Spells/flame_wall/flame_wall.ao"
      },
      {
        "Value": "Metadata/Monsters/SummonRagingSpirit/SummonedRagingSpiritAshen.ao"
      },
      {
        "Value": "Metadata/Effects/Spells/spear_mine/explosion_01.ao"
      },
      {
        "Value": "Metadata/Effects/Spells/spear_mine/projectile_01.ao"
      },
      {
        "Value": "Metadata/Effects/Spells/spear_disengage/shockwave.ao"
      },
      {
        "Value": "Metadata/Effects/Spells/spear_tornadoes/mini_tornado_FIRE.ao"
      },
      {
        "Value": "Metadata/Effects/Spells/bow_barrage/spear_muzzle.ao"
      },
      {
        "Value": "Metadata/Effects/Spells/bow_snipe/muzzle_flash_crit.ao"
      },
      {
        "Value": "Metadata/Effects/Spells/bow_snipe/muzzle_flash.ao"
      },
      {
        "Value": "Metadata/Effects/Spells/supports/aftershock/physical_aftershock_raised_up.ao"
      },
      {
        "Value": "Metadata/Effects/Spells/base_arrow_attack/shatter.ao"
      },
      {
        "Value": "Metadata/Effects/Spells/bow_snipe/projectile_01.ao"
      },
      {
        "Value": "Metadata/Effects/Spells/spell_surges/surgeWave.ao"
      },
      {
        "Value": "Metadata/Effects/Spells/minion_command/command_companion.ao"
      },
      {
        "Value": "Metadata/Effects/Spells/undead_summon_skeletons/melee_trail.ao"
      },
      {
        "Value": "Metadata/Monsters/PitifulFabrications/PlayerSummoned/BoneConstructPlayerSummoned.ao"
      },
      {
        "Value": "Metadata/Effects/Spells/spell_surges/surgeChargingCore.ao"
      },
      {
        "Value": "Metadata/Effects/Spells/unblockable_marker/audio/UnblockableMarkerAudioAO.ao"
      },
      {
        "Value": "Metadata/Terrain/Tools/AudioTools/G1_Town/G1_TownScatterer.ao"
      },
      {
        "Value": "Metadata/Effects/misc/Quest_Indicator/Indicator_01.ao"
      },
      {
        "Value": "Metadata/Terrain/Doodads/Gallows/ClearfellBull1.ao"
      },
      {
        "Value": "Metadata/Terrain/Doodads/Woods/Clearfell/Felling_Torch.ao"
      },
      {
        "Value": "Metadata/Terrain/Doodads/Woods/Carts/LumbermillWagon_02.ao"
      },
      {
        "Value": "Metadata/Terrain/Doodads/Woods/Clearfell/ClearfellLog_05.ao"
      },
      {
        "Value": "Metadata/Terrain/Doodads/Woods/Clearfell/logpiles_02.ao"
      },
      {
        "Value": "Metadata/Terrain/Doodads/Woods/Clearfell/ClearfellLog_01_wet.ao"
      },
      {
        "Value": "Metadata/Terrain/Doodads/Woods/Clutter/Clutter_6.ao"
      },
      {
        "Value": "Metadata/Terrain/Doodads/Woods/Clutter/Clutter_30.ao"
      },
      {
        "Value": "Metadata/Terrain/Doodads/Woods/Clutter/Clutter_4.ao"
      },
      {
        "Value": "Metadata/NPC/Four_Act1/EzomyteCivilianFemale01NoPhys_Lumbermill.ao"
      },
      {
        "Value": "Metadata/NPC/Four_Act1/EzomyteCivilianFemale02NoPhys_Lumbermill.ao"
      },
      {
        "Value": "Metadata/Critters/Chicken/Chicken.ao"
      }
    ]
  }
}