{
  "Enable": {
    "Value": true,
    "AttachedHotkey": {
      "ValueV2": {
        "ControllerKey": "None",
        "ControllerModifierKey": "None",
        "Key": "None"
      }
    }
  },
  "Features": {
    "AtlasRange": {
      "Value": 1500
    },
    "UseAtlasRange": {
      "Value": false,
      "AttachedHotkey": {
        "ValueV2": {
          "ControllerKey": "None",
          "ControllerModifierKey": "None",
          "Key": "None"
        }
      }
    },
    "ProcessVisitedNodes": {
      "Value": true,
      "AttachedHotkey": {
        "ValueV2": {
          "ControllerKey": "None",
          "ControllerModifierKey": "None",
          "Key": "None"
        }
      }
    },
    "ProcessUnlockedNodes": {
      "Value": true,
      "AttachedHotkey": {
        "ValueV2": {
          "ControllerKey": "None",
          "ControllerModifierKey": "None",
          "Key": "None"
        }
      }
    },
    "ProcessLockedNodes": {
      "Value": false,
      "AttachedHotkey": {
        "ValueV2": {
          "ControllerKey": "None",
          "ControllerModifierKey": "None",
          "Key": "None"
        }
      }
    },
    "ProcessHiddenNodes": {
      "Value": true,
      "AttachedHotkey": {
        "ValueV2": {
          "ControllerKey": "None",
          "ControllerModifierKey": "None",
          "Key": "None"
        }
      }
    },
    "DrawVisitedNodeConnections": {
      "Value": false,
      "AttachedHotkey": {
        "ValueV2": {
          "ControllerKey": "None",
          "ControllerModifierKey": "None",
          "Key": "None"
        }
      }
    },
    "DrawHiddenNodeConnections": {
      "Value": true,
      "AttachedHotkey": {
        "ValueV2": {
          "ControllerKey": "None",
          "ControllerModifierKey": "None",
          "Key": "None"
        }
      }
    },
    "DrawLines": {
      "Value": true,
      "AttachedHotkey": {
        "ValueV2": {
          "ControllerKey": "None",
          "ControllerModifierKey": "None",
          "Key": "None"
        }
      }
    },
    "WaypointsUseAtlasRange": {
      "Value": false,
      "AttachedHotkey": {
        "ValueV2": {
          "ControllerKey": "None",
          "ControllerModifierKey": "None",
          "Key": "None"
        }
      }
    },
    "DrawLineLabels": {
      "Value": true,
      "AttachedHotkey": {
        "ValueV2": {
          "ControllerKey": "None",
          "ControllerModifierKey": "None",
          "Key": "None"
        }
      }
    },
    "DebugMode": {
      "Value": false,
      "AttachedHotkey": {
        "ValueV2": {
          "ControllerKey": "None",
          "ControllerModifierKey": "None",
          "Key": "None"
        }
      }
    }
  },
  "Keybinds": {
    "RefreshMapCacheHotkey": {
      "Value": 36
    },
    "AddWaypointHotkey": {
      "Value": 45
    },
    "DeleteWaypointHotkey": {
      "Value": 46
    },
    "ToggleWaypointPanelHotkey": {
      "Value": 35
    },
    "ShowTowerRangeHotkey": {
      "Value": 33
    },
    "ToggleVisitedNodesHotkey": {
      "Value": 124
    },
    "ToggleUnlockedNodesHotkey": {
      "Value": 124
    },
    "ToggleLockedNodesHotkey": {
      "Value": 124
    },
    "ToggleHiddenNodesHotkey": {
      "Value": 124
    },
    "DebugKey": {
      "Value": 124
    },
    "UpdateMapsKey": {
      "Value": 124
    }
  },
  "Graphics": {
    "RenderNTicks": {
      "Value": 5
    },
    "MapCacheRefreshRate": {
      "Value": 5
    },
    "FontColor": "ffffffff",
    "BackgroundColor": "000000b1",
    "LabelInterpolationScale": {
      "Value": 0.5
    },
    "LineColor": "ffdedec8",
    "MapLineWidth": {
      "Value": 3.0
    },
    "VisitedLineColor": "ffffff50",
    "UnlockedLineColor": "5aff5aaa",
    "LockedLineColor": "ff5a5aaa",
    "DrawGradientLines": {
      "Value": true,
      "AttachedHotkey": {
        "ValueV2": {
          "ControllerKey": "None",
          "ControllerModifierKey": "None",
          "Key": "None"
        }
      }
    },
    "RingWidth": {
      "Value": 5.0
    },
    "RingRadius": {
      "Value": 1.0
    },
    "NodeRadius": {
      "Value": 1.5
    }
  },
  "MapTypes": {
    "HighlightMapNodes": true,
    "ColorNodesByWeight": true,
    "DrawWeightOnMap": false,
    "ShowMapNames": true,
    "UseColorsForMapNames": true,
    "UseWeightColorsForMapNames": true,
    "ShowMapNamesOnUnlockedNodes": true,
    "ShowMapNamesOnLockedNodes": true,
    "ShowMapNamesOnHiddenNodes": true,
    "GoodNodeColor": "200, 50, 255, 50",
    "BadNodeColor": "200, 255, 50, 50",
    "Maps": {
      "MapAbyss": {
        "Name": "Abyss",
        "ID": "",
        "IDs": [
          "MapAbyss",
          "MapAbyss_NoBoss"
        ],
        "ShortestId": "MapAbyss",
        "Biomes": [
          "Desert",
          "Mountain",
          ""
        ],
        "NameColor": "White",
        "BackgroundColor": "220, 0, 0, 0",
        "NodeColor": "200, 155, 155, 155",
        "DrawLine": false,
        "Highlight": true,
        "Count": 0,
        "LockedCount": 0,
        "FogCount": 0,
        "Weight": -10.0
      },
      "MapAlpineRidge": {
        "Name": "Alpine Ridge",
        "ID": "",
        "IDs": [
          "MapAlpineRidge"
        ],
        "ShortestId": "MapAlpineRidge",
        "Biomes": [
          "Mountain",
          "",
          ""
        ],
        "NameColor": "White",
        "BackgroundColor": "220, 0, 0, 0",
        "NodeColor": "200, 155, 155, 155",
        "DrawLine": false,
        "Highlight": true,
        "Count": 0,
        "LockedCount": 0,
        "FogCount": 0,
        "Weight": 1.0
      },
      "MapAugury_NoBoss": {
        "Name": "Augury",
        "ID": "",
        "IDs": [
          "MapAugury_NoBoss"
        ],
        "ShortestId": "MapAugury_NoBoss",
        "Biomes": [
          "Forest",
          "Forest",
          "Swamp"
        ],
        "NameColor": "White",
        "BackgroundColor": "220, 0, 0, 0",
        "NodeColor": "200, 155, 155, 155",
        "DrawLine": false,
        "Highlight": true,
        "Count": 0,
        "LockedCount": 0,
        "FogCount": 0,
        "Weight": -10.0
      },
      "MapBackwash": {
        "Name": "Backwash",
        "ID": "",
        "IDs": [
          "MapBackwash",
          "MapBackwash_NoBoss"
        ],
        "ShortestId": "MapBackwash",
        "Biomes": [
          "Swamp",
          "",
          ""
        ],
        "NameColor": "White",
        "BackgroundColor": "220, 0, 0, 0",
        "NodeColor": "200, 155, 155, 155",
        "DrawLine": false,
        "Highlight": true,
        "Count": 0,
        "LockedCount": 0,
        "FogCount": 0,
        "Weight": 25.0
      },
      "Bastille": {
        "Name": "Bastille",
        "ID": "Bastille",
        "IDs": [],
        "ShortestId": "",
        "Biomes": [
          "Mountain",
          "Grass",
          "Desert"
        ],
        "NameColor": "White",
        "BackgroundColor": "220, 0, 0, 0",
        "NodeColor": "200, 155, 155, 155",
        "DrawLine": false,
        "Highlight": true,
        "Count": 0,
        "LockedCount": 0,
        "FogCount": 0,
        "Weight": 1.0
      },
      "Bloodbowl": {
        "Name": "Bloodbowl",
        "ID": "Bloodbowl",
        "IDs": [],
        "ShortestId": "",
        "Biomes": [
          "Desert",
          "",
          ""
        ],
        "NameColor": "White",
        "BackgroundColor": "220, 0, 0, 0",
        "NodeColor": "200, 155, 155, 155",
        "DrawLine": false,
        "Highlight": true,
        "Count": 0,
        "LockedCount": 0,
        "FogCount": 0,
        "Weight": 10.0
      },
      "MapBloodwood_NoBoss": {
        "Name": "Bloodwood",
        "ID": "",
        "IDs": [
          "MapBloodwood_NoBoss"
        ],
        "ShortestId": "MapBloodwood_NoBoss",
        "Biomes": [
          "Forest",
          "",
          ""
        ],
        "NameColor": "White",
        "BackgroundColor": "220, 0, 0, 0",
        "NodeColor": "200, 155, 155, 155",
        "DrawLine": false,
        "Highlight": true,
        "Count": 0,
        "LockedCount": 0,
        "FogCount": 0,
        "Weight": 10.0
      },
      "MapBloomingField": {
        "Name": "Blooming Field",
        "ID": "",
        "IDs": [
          "MapBloomingField_NoBoss",
          "MapBloomingField"
        ],
        "ShortestId": "MapBloomingField",
        "Biomes": [
          "Forest",
          "Grass",
          ""
        ],
        "NameColor": "White",
        "BackgroundColor": "220, 0, 0, 0",
        "NodeColor": "200, 155, 155, 155",
        "DrawLine": false,
        "Highlight": true,
        "Count": 0,
        "LockedCount": 0,
        "FogCount": 0,
        "Weight": 25.0
      },
      "MapBluff": {
        "Name": "Bluff",
        "ID": "",
        "IDs": [
          "MapBluff"
        ],
        "ShortestId": "MapBluff",
        "Biomes": [],
        "NameColor": "White",
        "BackgroundColor": "220, 0, 0, 0",
        "NodeColor": "200, 155, 155, 155",
        "DrawLine": false,
        "Highlight": true,
        "Count": 0,
        "LockedCount": 0,
        "FogCount": 0,
        "Weight": 1.0
      },
      "MapBurialBog": {
        "Name": "Burial Bog",
        "ID": "",
        "IDs": [
          "MapBurialBog_NoBoss",
          "MapBurialBog"
        ],
        "ShortestId": "MapBurialBog",
        "Biomes": [
          "Swamp",
          "",
          ""
        ],
        "NameColor": "White",
        "BackgroundColor": "220, 0, 0, 0",
        "NodeColor": "200, 155, 155, 155",
        "DrawLine": false,
        "Highlight": true,
        "Count": 0,
        "LockedCount": 0,
        "FogCount": 0,
        "Weight": 10.0
      },
      "MapHideoutCanal_Claimable": {
        "Name": "Canal Hideout",
        "ID": "",
        "IDs": [
          "MapHideoutCanal_Claimable"
        ],
        "ShortestId": "MapHideoutCanal_Claimable",
        "Biomes": [
          "Grass",
          "",
          ""
        ],
        "NameColor": "White",
        "BackgroundColor": "220, 0, 0, 0",
        "NodeColor": "200, 155, 155, 155",
        "DrawLine": false,
        "Highlight": true,
        "Count": 0,
        "LockedCount": 0,
        "FogCount": 0,
        "Weight": 1.0
      },
      "Castaway": {
        "Name": "Castaway",
        "ID": "Castaway",
        "IDs": [],
        "ShortestId": "",
        "Biomes": [
          "",
          "",
          ""
        ],
        "NameColor": "White",
        "BackgroundColor": "220, 0, 0, 0",
        "NodeColor": "200, 155, 155, 155",
        "DrawLine": false,
        "Highlight": true,
        "Count": 0,
        "LockedCount": 0,
        "FogCount": 0,
        "Weight": 1.0
      },
      "MapCenotes_NoBoss": {
        "Name": "Cenotes",
        "ID": "",
        "IDs": [
          "MapCenotes_NoBoss"
        ],
        "ShortestId": "MapCenotes_NoBoss",
        "Biomes": [
          "Mountain",
          "",
          ""
        ],
        "NameColor": "White",
        "BackgroundColor": "220, 0, 0, 0",
        "NodeColor": "200, 155, 155, 155",
        "DrawLine": false,
        "Highlight": true,
        "Count": 0,
        "LockedCount": 0,
        "FogCount": 0,
        "Weight": 10.0
      },
      "MapChannel": {
        "Name": "Channel",
        "ID": "",
        "IDs": [
          "MapChannel",
          "MapChannel_NoBoss"
        ],
        "ShortestId": "MapChannel",
        "Biomes": [
          "Desert",
          "",
          ""
        ],
        "NameColor": "White",
        "BackgroundColor": "220, 0, 0, 0",
        "NodeColor": "200, 155, 155, 155",
        "DrawLine": false,
        "Highlight": true,
        "Count": 0,
        "LockedCount": 0,
        "FogCount": 0,
        "Weight": -10.0
      },
      "MapCreek": {
        "Name": "Creek",
        "ID": "",
        "IDs": [
          "MapCreek_NoBoss",
          "MapCreek"
        ],
        "ShortestId": "MapCreek",
        "Biomes": [
          "Forest",
          "",
          ""
        ],
        "NameColor": "White",
        "BackgroundColor": "220, 0, 0, 0",
        "NodeColor": "200, 155, 155, 155",
        "DrawLine": false,
        "Highlight": true,
        "Count": 0,
        "LockedCount": 0,
        "FogCount": 0,
        "Weight": 25.0
      },
      "MapCrimsonShores_NoBoss": {
        "Name": "Crimson Shores",
        "ID": "",
        "IDs": [
          "MapCrimsonShores_NoBoss"
        ],
        "ShortestId": "MapCrimsonShores_NoBoss",
        "Biomes": [
          "Water",
          "",
          ""
        ],
        "NameColor": "White",
        "BackgroundColor": "220, 0, 0, 0",
        "NodeColor": "200, 155, 155, 155",
        "DrawLine": false,
        "Highlight": true,
        "Count": 0,
        "LockedCount": 0,
        "FogCount": 0,
        "Weight": 10.0
      },
      "MapCrypt": {
        "Name": "Crypt",
        "ID": "",
        "IDs": [
          "MapCrypt",
          "MapCrypt_NoBoss"
        ],
        "ShortestId": "MapCrypt",
        "Biomes": [
          "Mountain",
          "Grass",
          "Desert"
        ],
        "NameColor": "White",
        "BackgroundColor": "220, 0, 0, 0",
        "NodeColor": "200, 155, 155, 155",
        "DrawLine": false,
        "Highlight": true,
        "Count": 0,
        "LockedCount": 0,
        "FogCount": 0,
        "Weight": 10.0
      },
      "MapDecay": {
        "Name": "Decay",
        "ID": "",
        "IDs": [
          "MapDecay_NoBoss",
          "MapDecay"
        ],
        "ShortestId": "MapDecay",
        "Biomes": [
          "Forest",
          "Forest",
          "Swamp"
        ],
        "NameColor": "White",
        "BackgroundColor": "220, 0, 0, 0",
        "NodeColor": "200, 155, 155, 155",
        "DrawLine": false,
        "Highlight": true,
        "Count": 0,
        "LockedCount": 0,
        "FogCount": 0,
        "Weight": -10.0
      },
      "DerelictMansion": {
        "Name": "Derelict Mansion",
        "ID": "DerelictMansion",
        "IDs": [],
        "ShortestId": "",
        "Biomes": [
          "Grass",
          "Forest",
          "Desert"
        ],
        "NameColor": "White",
        "BackgroundColor": "220, 0, 0, 0",
        "NodeColor": "200, 155, 155, 155",
        "DrawLine": false,
        "Highlight": true,
        "Count": 0,
        "LockedCount": 0,
        "FogCount": 0,
        "Weight": 1.0
      },
      "MapDeserted_NoBoss": {
        "Name": "Deserted",
        "ID": "",
        "IDs": [
          "MapDeserted_NoBoss"
        ],
        "ShortestId": "MapDeserted_NoBoss",
        "Biomes": [
          "Desert",
          "",
          ""
        ],
        "NameColor": "White",
        "BackgroundColor": "220, 0, 0, 0",
        "NodeColor": "200, 155, 155, 155",
        "DrawLine": false,
        "Highlight": true,
        "Count": 0,
        "LockedCount": 0,
        "FogCount": 0,
        "Weight": 25.0
      },
      "MapHideoutFelled_Claimable": {
        "Name": "Felled Hideout",
        "ID": "",
        "IDs": [
          "MapHideoutFelled_Claimable"
        ],
        "ShortestId": "MapHideoutFelled_Claimable",
        "Biomes": [
          "Forest",
          "",
          ""
        ],
        "NameColor": "White",
        "BackgroundColor": "220, 0, 0, 0",
        "NodeColor": "200, 155, 155, 155",
        "DrawLine": false,
        "Highlight": true,
        "Count": 0,
        "LockedCount": 0,
        "FogCount": 0,
        "Weight": 1.0
      },
      "MapForge": {
        "Name": "Forge",
        "ID": "",
        "IDs": [
          "MapForge",
          "MapForge_NoBoss"
        ],
        "ShortestId": "MapForge",
        "Biomes": [
          "Mountain",
          "Desert",
          ""
        ],
        "NameColor": "White",
        "BackgroundColor": "220, 0, 0, 0",
        "NodeColor": "200, 155, 155, 155",
        "DrawLine": false,
        "Highlight": true,
        "Count": 0,
        "LockedCount": 0,
        "FogCount": 0,
        "Weight": 10.0
      },
      "MapFortress": {
        "Name": "Fortress",
        "ID": "",
        "IDs": [
          "MapFortress",
          "MapFortress_NoBoss"
        ],
        "ShortestId": "MapFortress",
        "Biomes": [
          "Desert",
          "",
          ""
        ],
        "NameColor": "White",
        "BackgroundColor": "220, 0, 0, 0",
        "NodeColor": "200, 155, 155, 155",
        "DrawLine": false,
        "Highlight": true,
        "Count": 0,
        "LockedCount": 0,
        "FogCount": 0,
        "Weight": 10.0
      },
      "GothicCity": {
        "Name": "Gothic City",
        "ID": "GothicCity",
        "IDs": [],
        "ShortestId": "",
        "Biomes": [
          "Grass",
          "",
          ""
        ],
        "NameColor": "White",
        "BackgroundColor": "220, 0, 0, 0",
        "NodeColor": "200, 155, 155, 155",
        "DrawLine": false,
        "Highlight": true,
        "Count": 0,
        "LockedCount": 0,
        "FogCount": 0,
        "Weight": 10.0
      },
      "MapGrimhaven": {
        "Name": "Grimhaven",
        "ID": "",
        "IDs": [
          "MapGrimhaven",
          "MapGrimhaven_NoBoss"
        ],
        "ShortestId": "MapGrimhaven",
        "Biomes": [],
        "NameColor": "White",
        "BackgroundColor": "216, 0, 0, 0",
        "NodeColor": "200, 155, 155, 155",
        "DrawLine": false,
        "Highlight": true,
        "Count": 0,
        "LockedCount": 0,
        "FogCount": 0,
        "Weight": 1.0
      },
      "MapHeadland": {
        "Name": "Headland",
        "ID": "",
        "IDs": [
          "MapHeadland",
          "MapHeadland_NoBoss"
        ],
        "ShortestId": "MapHeadland",
        "Biomes": [
          "Mountain",
          "",
          ""
        ],
        "NameColor": "White",
        "BackgroundColor": "220, 0, 0, 0",
        "NodeColor": "200, 155, 155, 155",
        "DrawLine": false,
        "Highlight": true,
        "Count": 0,
        "LockedCount": 0,
        "FogCount": 0,
        "Weight": 10.0
      },
      "MapHiddenGrotto_NoBoss": {
        "Name": "Hidden Grotto",
        "ID": "",
        "IDs": [
          "MapHiddenGrotto_NoBoss"
        ],
        "ShortestId": "MapHiddenGrotto_NoBoss",
        "Biomes": [
          "Forest",
          "Swamp",
          "Swamp"
        ],
        "NameColor": "White",
        "BackgroundColor": "220, 0, 0, 0",
        "NodeColor": "200, 155, 155, 155",
        "DrawLine": false,
        "Highlight": true,
        "Count": 0,
        "LockedCount": 0,
        "FogCount": 0,
        "Weight": 10.0
      },
      "MapHive_NoBoss": {
        "Name": "Hive",
        "ID": "",
        "IDs": [
          "MapHive_NoBoss"
        ],
        "ShortestId": "MapHive_NoBoss",
        "Biomes": [
          "Desert",
          "",
          ""
        ],
        "NameColor": "White",
        "BackgroundColor": "220, 0, 0, 0",
        "NodeColor": "200, 155, 155, 155",
        "DrawLine": false,
        "Highlight": true,
        "Count": 0,
        "LockedCount": 0,
        "FogCount": 0,
        "Weight": 10.0
      },
      "Inferno": {
        "Name": "Inferno",
        "ID": "Inferno",
        "IDs": [],
        "ShortestId": "",
        "Biomes": [
          "Forest",
          "",
          ""
        ],
        "NameColor": "White",
        "BackgroundColor": "220, 0, 0, 0",
        "NodeColor": "200, 155, 155, 155",
        "DrawLine": false,
        "Highlight": true,
        "Count": 0,
        "LockedCount": 0,
        "FogCount": 0,
        "Weight": 1.0
      },
      "MapHideoutLimestone_Claimable": {
        "Name": "Limestone Hideout",
        "ID": "",
        "IDs": [
          "MapHideoutLimestone_Claimable"
        ],
        "ShortestId": "MapHideoutLimestone_Claimable",
        "Biomes": [
          "Water",
          "",
          ""
        ],
        "NameColor": "White",
        "BackgroundColor": "220, 0, 0, 0",
        "NodeColor": "200, 155, 155, 155",
        "DrawLine": false,
        "Highlight": true,
        "Count": 0,
        "LockedCount": 0,
        "FogCount": 0,
        "Weight": 1.0
      },
      "MapLoftySummit": {
        "Name": "Lofty Summit",
        "ID": "",
        "IDs": [
          "MapLoftySummit_NoBoss",
          "MapLoftySummit"
        ],
        "ShortestId": "MapLoftySummit",
        "Biomes": [
          "Mountain",
          "",
          ""
        ],
        "NameColor": "White",
        "BackgroundColor": "220, 0, 0, 0",
        "NodeColor": "200, 155, 155, 155",
        "DrawLine": false,
        "Highlight": true,
        "Count": 0,
        "LockedCount": 0,
        "FogCount": 0,
        "Weight": 10.0
      },
      "MapLostTowers": {
        "Name": "Lost Towers",
        "ID": "",
        "IDs": [
          "MapLostTowers"
        ],
        "ShortestId": "MapLostTowers",
        "Biomes": [
          "",
          "",
          ""
        ],
        "NameColor": "White",
        "BackgroundColor": "220, 0, 0, 0",
        "NodeColor": "200, 155, 155, 155",
        "DrawLine": false,
        "Highlight": true,
        "Count": 0,
        "LockedCount": 0,
        "FogCount": 0,
        "Weight": 50.0
      },
      "MerchantsCampsite": {
        "Name": "Merchant's Campsite",
        "ID": "",
        "IDs": [],
        "ShortestId": "",
        "Biomes": [
          "",
          "",
          ""
        ],
        "NameColor": "White",
        "BackgroundColor": "220, 0, 0, 0",
        "NodeColor": "200, 155, 155, 155",
        "DrawLine": false,
        "Highlight": true,
        "Count": 0,
        "LockedCount": 0,
        "FogCount": 0,
        "Weight": 100.0
      },
      "MapMesa": {
        "Name": "Mesa",
        "ID": "",
        "IDs": [
          "MapMesa"
        ],
        "ShortestId": "MapMesa",
        "Biomes": [],
        "NameColor": "White",
        "BackgroundColor": "217, 0, 0, 0",
        "NodeColor": "200, 155, 155, 155",
        "DrawLine": false,
        "Highlight": true,
        "Count": 0,
        "LockedCount": 0,
        "FogCount": 0,
        "Weight": 1.0
      },
      "MapMineshaft": {
        "Name": "Mineshaft",
        "ID": "",
        "IDs": [
          "MapMineshaft"
        ],
        "ShortestId": "MapMineshaft",
        "Biomes": [
          "Mountain",
          "Desert",
          ""
        ],
        "NameColor": "White",
        "BackgroundColor": "220, 0, 0, 0",
        "NodeColor": "200, 155, 155, 155",
        "DrawLine": false,
        "Highlight": true,
        "Count": 0,
        "LockedCount": 0,
        "FogCount": 0,
        "Weight": 1.0
      },
      "MapMire": {
        "Name": "Mire",
        "ID": "",
        "IDs": [
          "MapMire",
          "MapMire_NoBoss"
        ],
        "ShortestId": "MapMire",
        "Biomes": [
          "Swamp",
          "Forest",
          ""
        ],
        "NameColor": "White",
        "BackgroundColor": "220, 0, 0, 0",
        "NodeColor": "200, 155, 155, 155",
        "DrawLine": false,
        "Highlight": true,
        "Count": 0,
        "LockedCount": 0,
        "FogCount": 0,
        "Weight": -10.0
      },
      "MapUniqueMerchant03_Raft": {
        "Name": "Moment of Zen",
        "ID": "",
        "IDs": [
          "MapUniqueMerchant03_Raft"
        ],
        "ShortestId": "MapUniqueMerchant03_Raft",
        "Biomes": [
          "",
          "",
          ""
        ],
        "NameColor": "White",
        "BackgroundColor": "220, 0, 0, 0",
        "NodeColor": "200, 155, 155, 155",
        "DrawLine": false,
        "Highlight": true,
        "Count": 0,
        "LockedCount": 0,
        "FogCount": 0,
        "Weight": 100.0
      },
      "MapNecropolis": {
        "Name": "Necropolis",
        "ID": "",
        "IDs": [
          "MapNecropolis_NoBoss",
          "MapNecropolis"
        ],
        "ShortestId": "MapNecropolis",
        "Biomes": [
          "Forest",
          "",
          ""
        ],
        "NameColor": "White",
        "BackgroundColor": "220, 0, 0, 0",
        "NodeColor": "200, 155, 155, 155",
        "DrawLine": false,
        "Highlight": true,
        "Count": 0,
        "LockedCount": 0,
        "FogCount": 0,
        "Weight": -10.0
      },
      "MapOasis_NoBoss": {
        "Name": "Oasis",
        "ID": "",
        "IDs": [
          "MapOasis_NoBoss"
        ],
        "ShortestId": "MapOasis_NoBoss",
        "Biomes": [
          "Desert",
          "",
          ""
        ],
        "NameColor": "White",
        "BackgroundColor": "220, 0, 0, 0",
        "NodeColor": "200, 155, 155, 155",
        "DrawLine": false,
        "Highlight": true,
        "Count": 0,
        "LockedCount": 0,
        "FogCount": 0,
        "Weight": 10.0
      },
      "Outlands": {
        "Name": "Outlands",
        "ID": "Outlands",
        "IDs": [],
        "ShortestId": "",
        "Biomes": [
          "Desert",
          "",
          ""
        ],
        "NameColor": "White",
        "BackgroundColor": "220, 0, 0, 0",
        "NodeColor": "200, 155, 155, 155",
        "DrawLine": false,
        "Highlight": true,
        "Count": 0,
        "LockedCount": 0,
        "FogCount": 0,
        "Weight": 1.0
      },
      "MapPenitentiary": {
        "Name": "Penitentiary",
        "ID": "",
        "IDs": [
          "MapPenitentiary_NoBoss",
          "MapPenitentiary"
        ],
        "ShortestId": "MapPenitentiary",
        "Biomes": [
          "Grass",
          "",
          ""
        ],
        "NameColor": "White",
        "BackgroundColor": "220, 0, 0, 0",
        "NodeColor": "200, 155, 155, 155",
        "DrawLine": false,
        "Highlight": true,
        "Count": 0,
        "LockedCount": 0,
        "FogCount": 0,
        "Weight": 10.0
      },
      "MapRavine_NoBoss": {
        "Name": "Ravine",
        "ID": "",
        "IDs": [
          "MapRavine_NoBoss"
        ],
        "ShortestId": "MapRavine_NoBoss",
        "Biomes": [
          "Mountain",
          "",
          ""
        ],
        "NameColor": "White",
        "BackgroundColor": "220, 0, 0, 0",
        "NodeColor": "200, 155, 155, 155",
        "DrawLine": false,
        "Highlight": true,
        "Count": 0,
        "LockedCount": 0,
        "FogCount": 0,
        "Weight": 10.0
      },
      "MapRiverside": {
        "Name": "Riverside",
        "ID": "",
        "IDs": [
          "MapRiverside",
          "MapRiverside_NoBoss"
        ],
        "ShortestId": "MapRiverside",
        "Biomes": [
          "Forest",
          "",
          ""
        ],
        "NameColor": "White",
        "BackgroundColor": "220, 0, 0, 0",
        "NodeColor": "200, 155, 155, 155",
        "DrawLine": false,
        "Highlight": true,
        "Count": 0,
        "LockedCount": 0,
        "FogCount": 0,
        "Weight": 10.0
      },
      "Rockpools": {
        "Name": "Rockpools",
        "ID": "Rockpools",
        "IDs": [],
        "ShortestId": "",
        "Biomes": [
          "Swamp",
          "Swamp",
          ""
        ],
        "NameColor": "White",
        "BackgroundColor": "220, 0, 0, 0",
        "NodeColor": "200, 155, 155, 155",
        "DrawLine": false,
        "Highlight": true,
        "Count": 0,
        "LockedCount": 0,
        "FogCount": 0,
        "Weight": 1.0
      },
      "MapRustbowl": {
        "Name": "Rustbowl",
        "ID": "",
        "IDs": [
          "MapRustbowl",
          "MapRustbowl_NoBoss"
        ],
        "ShortestId": "MapRustbowl",
        "Biomes": [
          "Desert",
          "",
          ""
        ],
        "NameColor": "White",
        "BackgroundColor": "220, 0, 0, 0",
        "NodeColor": "200, 155, 155, 155",
        "DrawLine": false,
        "Highlight": true,
        "Count": 0,
        "LockedCount": 0,
        "FogCount": 0,
        "Weight": 1.0
      },
      "MapSandspit_NoBoss": {
        "Name": "Sandspit",
        "ID": "",
        "IDs": [
          "MapSandspit_NoBoss"
        ],
        "ShortestId": "MapSandspit_NoBoss",
        "Biomes": [
          "",
          "",
          ""
        ],
        "NameColor": "White",
        "BackgroundColor": "220, 0, 0, 0",
        "NodeColor": "200, 155, 155, 155",
        "DrawLine": false,
        "Highlight": true,
        "Count": 0,
        "LockedCount": 0,
        "FogCount": 0,
        "Weight": 10.0
      },
      "MapSavanna": {
        "Name": "Savannah",
        "ID": "",
        "IDs": [
          "MapSavanna_NoBoss",
          "MapSavanna"
        ],
        "ShortestId": "MapSavanna",
        "Biomes": [
          "Grass",
          "Desert",
          ""
        ],
        "NameColor": "White",
        "BackgroundColor": "220, 0, 0, 0",
        "NodeColor": "200, 155, 155, 155",
        "DrawLine": false,
        "Highlight": true,
        "Count": 0,
        "LockedCount": 0,
        "FogCount": 0,
        "Weight": 25.0
      },
      "MapSeepage": {
        "Name": "Seepage",
        "ID": "",
        "IDs": [
          "MapSeepage_NoBoss",
          "MapSeepage"
        ],
        "ShortestId": "MapSeepage",
        "Biomes": [
          "Forest",
          "Forest",
          "Swamp"
        ],
        "NameColor": "White",
        "BackgroundColor": "220, 0, 0, 0",
        "NodeColor": "200, 155, 155, 155",
        "DrawLine": false,
        "Highlight": true,
        "Count": 0,
        "LockedCount": 0,
        "FogCount": 0,
        "Weight": -10.0
      },
      "MapHideoutShrine_Claimable": {
        "Name": "Shrine Hideout",
        "ID": "",
        "IDs": [
          "MapHideoutShrine_Claimable"
        ],
        "ShortestId": "MapHideoutShrine_Claimable",
        "Biomes": [
          "Desert",
          "",
          ""
        ],
        "NameColor": "White",
        "BackgroundColor": "220, 0, 0, 0",
        "NodeColor": "200, 155, 155, 155",
        "DrawLine": false,
        "Highlight": true,
        "Count": 0,
        "LockedCount": 0,
        "FogCount": 0,
        "Weight": 1.0
      },
      "MapSwampTower": {
        "Name": "Sinking Spire",
        "ID": "",
        "IDs": [
          "MapSwampTower"
        ],
        "ShortestId": "MapSwampTower",
        "Biomes": [],
        "NameColor": "White",
        "BackgroundColor": "216, 0, 0, 0",
        "NodeColor": "200, 155, 155, 155",
        "DrawLine": false,
        "Highlight": true,
        "Count": 0,
        "LockedCount": 0,
        "FogCount": 0,
        "Weight": 1.0
      },
      "MapSlick_NoBoss": {
        "Name": "Slick",
        "ID": "",
        "IDs": [
          "MapSlick_NoBoss"
        ],
        "ShortestId": "MapSlick_NoBoss",
        "Biomes": [
          "Mountain",
          "Desert",
          ""
        ],
        "NameColor": "White",
        "BackgroundColor": "220, 0, 0, 0",
        "NodeColor": "200, 155, 155, 155",
        "DrawLine": false,
        "Highlight": true,
        "Count": 0,
        "LockedCount": 0,
        "FogCount": 0,
        "Weight": 25.0
      },
      "MapSpiderWoods": {
        "Name": "Spider Woods",
        "ID": "",
        "IDs": [
          "MapSpiderWoods",
          "MapSpiderWoods_NoBoss"
        ],
        "ShortestId": "MapSpiderWoods",
        "Biomes": [
          "Forest",
          "",
          ""
        ],
        "NameColor": "White",
        "BackgroundColor": "220, 0, 0, 0",
        "NodeColor": "200, 155, 155, 155",
        "DrawLine": false,
        "Highlight": true,
        "Count": 0,
        "LockedCount": 0,
        "FogCount": 0,
        "Weight": 25.0
      },
      "MapSteamingSprings": {
        "Name": "Steaming Springs",
        "ID": "",
        "IDs": [
          "MapSteamingSprings",
          "MapSteamingSprings_NoBoss"
        ],
        "ShortestId": "MapSteamingSprings",
        "Biomes": [
          "Mountain",
          "Grass",
          "Forest"
        ],
        "NameColor": "White",
        "BackgroundColor": "220, 0, 0, 0",
        "NodeColor": "200, 155, 155, 155",
        "DrawLine": false,
        "Highlight": true,
        "Count": 0,
        "LockedCount": 0,
        "FogCount": 0,
        "Weight": 25.0
      },
      "MapSteppe_NoBoss": {
        "Name": "Steppe",
        "ID": "",
        "IDs": [
          "MapSteppe_NoBoss"
        ],
        "ShortestId": "MapSteppe_NoBoss",
        "Biomes": [
          "Forest",
          "",
          ""
        ],
        "NameColor": "White",
        "BackgroundColor": "220, 0, 0, 0",
        "NodeColor": "200, 155, 155, 155",
        "DrawLine": false,
        "Highlight": true,
        "Count": 0,
        "LockedCount": 0,
        "FogCount": 0,
        "Weight": 25.0
      },
      "MapSulphuricCaverns": {
        "Name": "Sulphuric Caverns",
        "ID": "",
        "IDs": [
          "MapSulphuricCaverns",
          "MapSulphuricCaverns_NoBoss"
        ],
        "ShortestId": "MapSulphuricCaverns",
        "Biomes": [
          "Mountain",
          "Swamp",
          "Desert"
        ],
        "NameColor": "White",
        "BackgroundColor": "220, 0, 0, 0",
        "NodeColor": "200, 155, 155, 155",
        "DrawLine": false,
        "Highlight": true,
        "Count": 0,
        "LockedCount": 0,
        "FogCount": 0,
        "Weight": 10.0
      },
      "MapSump": {
        "Name": "Sump",
        "ID": "",
        "IDs": [
          "MapSump_NoBoss",
          "MapSump"
        ],
        "ShortestId": "MapSump",
        "Biomes": [
          "Swamp",
          "",
          ""
        ],
        "NameColor": "White",
        "BackgroundColor": "220, 0, 0, 0",
        "NodeColor": "200, 155, 155, 155",
        "DrawLine": false,
        "Highlight": true,
        "Count": 0,
        "LockedCount": 0,
        "FogCount": 0,
        "Weight": 1.0
      },
      "MapSunTemple": {
        "Name": "Sun Temple",
        "ID": "",
        "IDs": [
          "MapSunTemple_NoBoss",
          "MapSunTemple"
        ],
        "ShortestId": "MapSunTemple",
        "Biomes": [
          "",
          "",
          ""
        ],
        "NameColor": "White",
        "BackgroundColor": "220, 0, 0, 0",
        "NodeColor": "200, 155, 155, 155",
        "DrawLine": false,
        "Highlight": true,
        "Count": 0,
        "LockedCount": 0,
        "FogCount": 0,
        "Weight": -10.0
      },
      "SwampTower": {
        "Name": "Swamp Tower",
        "ID": "SwampTower",
        "IDs": [],
        "ShortestId": "",
        "Biomes": [
          "Swamp",
          "",
          ""
        ],
        "NameColor": "White",
        "BackgroundColor": "220, 0, 0, 0",
        "NodeColor": "200, 155, 155, 155",
        "DrawLine": false,
        "Highlight": true,
        "Count": 0,
        "LockedCount": 0,
        "FogCount": 0,
        "Weight": 1.0
      },
      "MapUberBoss_CopperCitadel": {
        "Name": "The Copper Citadel",
        "ID": "",
        "IDs": [
          "MapUberBoss_CopperCitadel"
        ],
        "ShortestId": "MapUberBoss_CopperCitadel",
        "Biomes": [
          "",
          "",
          ""
        ],
        "NameColor": "White",
        "BackgroundColor": "220, 245, 16, 213",
        "NodeColor": "200, 155, 155, 155",
        "DrawLine": true,
        "Highlight": true,
        "Count": 0,
        "LockedCount": 0,
        "FogCount": 0,
        "Weight": 100.0
      },
      "MapUberBoss_IronCitadel": {
        "Name": "The Iron Citadel",
        "ID": "",
        "IDs": [
          "MapUberBoss_IronCitadel"
        ],
        "ShortestId": "MapUberBoss_IronCitadel",
        "Biomes": [
          "",
          "",
          ""
        ],
        "NameColor": "White",
        "BackgroundColor": "220, 245, 16, 213",
        "NodeColor": "200, 155, 155, 155",
        "DrawLine": true,
        "Highlight": true,
        "Count": 0,
        "LockedCount": 0,
        "FogCount": 0,
        "Weight": 100.0
      },
      "MapUberBoss_StoneCitadel": {
        "Name": "The Stone Citadel",
        "ID": "",
        "IDs": [
          "MapUberBoss_StoneCitadel"
        ],
        "ShortestId": "MapUberBoss_StoneCitadel",
        "Biomes": [
          "",
          "",
          ""
        ],
        "NameColor": "White",
        "BackgroundColor": "220, 245, 16, 213",
        "NodeColor": "200, 155, 155, 155",
        "DrawLine": true,
        "Highlight": true,
        "Count": 0,
        "LockedCount": 0,
        "FogCount": 0,
        "Weight": 100.0
      },
      "G_Endgame_Town": {
        "Name": "The Ziggurat Refuge",
        "ID": "",
        "IDs": [
          "G_Endgame_Town"
        ],
        "ShortestId": "G_Endgame_Town",
        "Biomes": [],
        "NameColor": "White",
        "BackgroundColor": "220, 0, 0, 0",
        "NodeColor": "200, 155, 155, 155",
        "DrawLine": false,
        "Highlight": true,
        "Count": 0,
        "LockedCount": 0,
        "FogCount": 0,
        "Weight": 1.0
      },
      "MapUniqueUntaintedParadise": {
        "Name": "Untainted Paradise",
        "ID": "",
        "IDs": [
          "MapUniqueUntaintedParadise"
        ],
        "ShortestId": "MapUniqueUntaintedParadise",
        "Biomes": [
          "Forest",
          "",
          ""
        ],
        "NameColor": "White",
        "BackgroundColor": "220, 0, 0, 0",
        "NodeColor": "200, 155, 155, 155",
        "DrawLine": false,
        "Highlight": true,
        "Count": 0,
        "LockedCount": 0,
        "FogCount": 0,
        "Weight": 100.0
      },
      "MapVaalCity": {
        "Name": "Vaal City",
        "ID": "",
        "IDs": [
          "MapVaalCity",
          "MapVaalCity_NoBoss"
        ],
        "ShortestId": "MapVaalCity",
        "Biomes": [
          "Swamp",
          "",
          ""
        ],
        "NameColor": "White",
        "BackgroundColor": "220, 0, 0, 0",
        "NodeColor": "200, 155, 155, 155",
        "DrawLine": false,
        "Highlight": true,
        "Count": 0,
        "LockedCount": 0,
        "FogCount": 0,
        "Weight": 1.0
      },
      "MapVaalFactory": {
        "Name": "Vaal Factory",
        "ID": "",
        "IDs": [
          "MapVaalFactory_NoBoss",
          "MapVaalFactory"
        ],
        "ShortestId": "MapVaalFactory",
        "Biomes": [
          "",
          "",
          ""
        ],
        "NameColor": "White",
        "BackgroundColor": "220, 0, 0, 0",
        "NodeColor": "200, 155, 155, 155",
        "DrawLine": false,
        "Highlight": true,
        "Count": 0,
        "LockedCount": 0,
        "FogCount": 0,
        "Weight": -10.0
      },
      "MapVaalFoundry": {
        "Name": "Vaal Foundry",
        "ID": "",
        "IDs": [
          "MapVaalFoundry_NoBoss",
          "MapVaalFoundry"
        ],
        "ShortestId": "MapVaalFoundry",
        "Biomes": [
          "",
          "",
          ""
        ],
        "NameColor": "White",
        "BackgroundColor": "220, 0, 0, 0",
        "NodeColor": "200, 155, 155, 155",
        "DrawLine": false,
        "Highlight": true,
        "Count": 0,
        "LockedCount": 0,
        "FogCount": 0,
        "Weight": -10.0
      },
      "VaalVillage": {
        "Name": "Vaal Village",
        "ID": "VaalVillage",
        "IDs": [],
        "ShortestId": "",
        "Biomes": [
          "Swamp",
          "",
          ""
        ],
        "NameColor": "White",
        "BackgroundColor": "220, 0, 0, 0",
        "NodeColor": "200, 155, 155, 155",
        "DrawLine": false,
        "Highlight": true,
        "Count": 0,
        "LockedCount": 0,
        "FogCount": 0,
        "Weight": 1.0
      },
      "MapUniqueVault": {
        "Name": "Vaults of Kamasa",
        "ID": "",
        "IDs": [
          "MapUniqueVault"
        ],
        "ShortestId": "MapUniqueVault",
        "Biomes": [
          "",
          "",
          ""
        ],
        "NameColor": "White",
        "BackgroundColor": "220, 0, 0, 0",
        "NodeColor": "200, 155, 155, 155",
        "DrawLine": true,
        "Highlight": true,
        "Count": 0,
        "LockedCount": 0,
        "FogCount": 0,
        "Weight": 100.0
      },
      "MapWetlands": {
        "Name": "Wetlands",
        "ID": "",
        "IDs": [
          "MapWetlands_NoBoss",
          "MapWetlands"
        ],
        "ShortestId": "MapWetlands",
        "Biomes": [
          "Swamp",
          "",
          ""
        ],
        "NameColor": "White",
        "BackgroundColor": "220, 0, 0, 0",
        "NodeColor": "200, 155, 155, 155",
        "DrawLine": false,
        "Highlight": true,
        "Count": 0,
        "LockedCount": 0,
        "FogCount": 0,
        "Weight": 25.0
      },
      "MapWillow": {
        "Name": "Willow",
        "ID": "",
        "IDs": [
          "MapWillow_NoBoss",
          "MapWillow"
        ],
        "ShortestId": "MapWillow",
        "Biomes": [
          "Forest",
          "",
          ""
        ],
        "NameColor": "White",
        "BackgroundColor": "220, 0, 0, 0",
        "NodeColor": "200, 155, 155, 155",
        "DrawLine": false,
        "Highlight": true,
        "Count": 0,
        "LockedCount": 0,
        "FogCount": 0,
        "Weight": 25.0
      },
      "MapWoodland": {
        "Name": "Woodland",
        "ID": "",
        "IDs": [
          "MapWoodland_NoBoss",
          "MapWoodland"
        ],
        "ShortestId": "MapWoodland",
        "Biomes": [
          "Forest",
          "",
          ""
        ],
        "NameColor": "White",
        "BackgroundColor": "220, 0, 0, 0",
        "NodeColor": "200, 155, 155, 155",
        "DrawLine": false,
        "Highlight": true,
        "Count": 0,
        "LockedCount": 0,
        "FogCount": 0,
        "Weight": 1.0
      }
    }
  },
  "Biomes": {
    "ShowBiomeIcons": false,
    "Biomes": {
      "Desert": {
        "Name": "Desert",
        "Weight": 0.0,
        "Color": "200, 219, 203, 172",
        "Highlight": true
      },
      "EzomyteCity": {
        "Name": "Ezomyte City",
        "Weight": 0.0,
        "Color": "White",
        "Highlight": true
      },
      "FaridunCity": {
        "Name": "Faridun City",
        "Weight": 0.0,
        "Color": "White",
        "Highlight": true
      },
      "Forest": {
        "Name": "Forest",
        "Weight": 0.0,
        "Color": "200, 138, 151, 126",
        "Highlight": true
      },
      "Grass": {
        "Name": "Grass",
        "Weight": 0.0,
        "Color": "200, 138, 151, 126",
        "Highlight": true
      },
      "Mountain": {
        "Name": "Mountain",
        "Weight": 0.0,
        "Color": "200, 146, 131, 121",
        "Highlight": true
      },
      "Swamp": {
        "Name": "Swamp",
        "Weight": 0.0,
        "Color": "200, 138, 151, 126",
        "Highlight": true
      },
      "VaalCity": {
        "Name": "Vaal City",
        "Weight": 0.0,
        "Color": "White",
        "Highlight": true
      },
      "Water": {
        "Name": "Water",
        "Weight": 0.0,
        "Color": "200, 35, 59, 70",
        "Highlight": true
      }
    }
  },
  "MapContent": {
    "ContentTypes": {
      "Breach": {
        "Name": "Breach",
        "Weight": 5.0,
        "Color": "200, 166, 90, 255",
        "Highlight": true
      },
      "Corruption": {
        "Name": "Corruption",
        "Weight": 2.0,
        "Color": "200, 220, 20, 60",
        "Highlight": true
      },
      "Delirium": {
        "Name": "Delirium",
        "Weight": 4.0,
        "Color": "200, 220, 220, 220",
        "Highlight": true
      },
      "Expedition": {
        "Name": "Expedition",
        "Weight": 4.0,
        "Color": "200, 166, 177, 255",
        "Highlight": true
      },
      "Irradiated": {
        "Name": "Irradiated",
        "Weight": 2.0,
        "Color": "200, 154, 205, 50",
        "Highlight": true
      },
      "Map Boss": {
        "Name": "Map Boss",
        "Weight": 3.0,
        "Color": "200, 184, 134, 11",
        "Highlight": true
      },
      "Ritual": {
        "Name": "Ritual",
        "Weight": 4.0,
        "Color": "200, 178, 34, 34",
        "Highlight": true
      }
    },
    "ShowRingsOnUnlockedNodes": true,
    "ShowRingsOnLockedNodes": true,
    "ShowRingsOnHiddenNodes": true,
    "DrawContentIconsOnHiddenNodes": false
  },
  "MapMods": {
    "MapModTypes": {
      "20047": {
        "ModID": "TowerDroppedGoldIncrease1",
        "Description": "$% Inc. Gold",
        "RequiredContent": "",
        "Weight": 0.01,
        "MinValueToShow": 0.0,
        "Color": "White",
        "MinValue1": 5.0,
        "MaxValue1": 10.0,
        "Name": "Bountiful",
        "MinValue2": 0.0,
        "MaxValue2": 0.0,
        "Stat2": "",
        "ShowOnMap": true
      },
      "989": {
        "ModID": "TowerPackSizeIncrease1",
        "Description": "$% Inc. Size",
        "RequiredContent": "",
        "Weight": 0.1,
        "MinValueToShow": 0.0,
        "Color": "White",
        "MinValue1": 3.0,
        "MaxValue1": 8.0,
        "Name": "Breeding",
        "MinValue2": 0.0,
        "MaxValue2": 0.0,
        "Stat2": "",
        "ShowOnMap": true
      },
      "991": {
        "ModID": "TowerRarePackIncrease1",
        "Description": "$% Inc. Rare Packs",
        "RequiredContent": "",
        "Weight": 0.25,
        "MinValueToShow": 0.0,
        "Color": "200, 255, 215, 0",
        "MinValue1": 10.0,
        "MaxValue1": 15.0,
        "Name": "Brimming",
        "MinValue2": 0.0,
        "MaxValue2": 0.0,
        "Stat2": "",
        "ShowOnMap": true
      },
      "1202": {
        "ModID": "TowerDroppedItemRarityIncrease1",
        "Description": "$% Inc. Rarity",
        "RequiredContent": "",
        "Weight": 0.5,
        "MinValueToShow": 0.0,
        "Color": "200, 255, 215, 0",
        "MinValue1": 10.0,
        "MaxValue1": 20.0,
        "Name": "Collector's",
        "MinValue2": 0.0,
        "MaxValue2": 0.0,
        "Stat2": "",
        "ShowOnMap": true
      },
      "1324": {
        "ModID": "TowerExperienceGainIncrease1",
        "Description": "$% Inc. Experience",
        "RequiredContent": "",
        "Weight": 0.1,
        "MinValueToShow": 0.0,
        "Color": "White",
        "MinValue1": 5.0,
        "MaxValue1": 10.0,
        "Name": "Elevated",
        "MinValue2": 0.0,
        "MaxValue2": 0.0,
        "Stat2": "",
        "ShowOnMap": true
      },
      "20735": {
        "ModID": "TowerExpeditionRareMonsters",
        "Description": "$% Inc. Rare Mobs",
        "RequiredContent": "Expedition",
        "Weight": 0.25,
        "MinValueToShow": 0.0,
        "Color": "200, 166, 177, 255",
        "MinValue1": 10.0,
        "MaxValue1": 15.0,
        "Name": "of Ancient Fiends",
        "MinValue2": 0.0,
        "MaxValue2": 0.0,
        "Stat2": "",
        "ShowOnMap": true
      },
      "16924": {
        "ModID": "TowerRitualDeferCostIncrease",
        "Description": "$% Dec. Defer Cost",
        "RequiredContent": "Ritual",
        "Weight": 0.1,
        "MinValueToShow": 0.0,
        "Color": "200, 178, 34, 34",
        "MinValue1": 10.0,
        "MaxValue1": 15.0,
        "Name": "of Devotion",
        "MinValue2": 0.0,
        "MaxValue2": 0.0,
        "Stat2": "",
        "ShowOnMap": true
      },
      "12945": {
        "ModID": "TowerDeliriumAdditionalRewardType",
        "Description": "$% Chance for +1 Reward",
        "RequiredContent": "Delirium",
        "Weight": 0.25,
        "MinValueToShow": 0.0,
        "Color": "200, 220, 220, 220",
        "MinValue1": 3.0,
        "MaxValue1": 8.0,
        "Name": "of Envy",
        "MinValue2": 0.0,
        "MaxValue2": 0.0,
        "Stat2": "",
        "ShowOnMap": true
      },
      "13081": {
        "ModID": "TowerDeliriumFogDissipationDelay",
        "Description": "$% Inc. Fog Delay",
        "RequiredContent": "Delirium",
        "Weight": 0.0001,
        "MinValueToShow": 0.0,
        "Color": "200, 220, 220, 220",
        "MinValue1": 30.0,
        "MaxValue1": 60.0,
        "Name": "of Eternity",
        "MinValue2": 0.0,
        "MaxValue2": 0.0,
        "Stat2": "",
        "ShowOnMap": true
      },
      "16760": {
        "ModID": "TowerBreachAdditionalChance",
        "Description": "$% Chance for +1 Breach",
        "RequiredContent": "Breach",
        "Weight": 0.5,
        "MinValueToShow": 0.0,
        "Color": "200, 166, 90, 255",
        "MinValue1": 5.0,
        "MaxValue1": 10.0,
        "Name": "of Fissuring",
        "MinValue2": 0.0,
        "MaxValue2": 0.0,
        "Stat2": "",
        "ShowOnMap": true
      },
      "20988": {
        "ModID": "TowerDeliriumRareMonsterPause",
        "Description": "Freeze Fog for $s per rare",
        "RequiredContent": "Delirium",
        "Weight": 0.25,
        "MinValueToShow": 0.0,
        "Color": "200, 220, 220, 220",
        "MinValue1": 2.0,
        "MaxValue1": 2.0,
        "Name": "of Freeze Time",
        "MinValue2": 0.0,
        "MaxValue2": 0.0,
        "Stat2": "",
        "ShowOnMap": true
      },
      "13813": {
        "ModID": "TowerExpeditionLogbookIncrease",
        "Description": "$% Inc. Logbooks",
        "RequiredContent": "Expedition",
        "Weight": 1.0,
        "MinValueToShow": 0.0,
        "Color": "200, 166, 177, 255",
        "MinValue1": 5.0,
        "MaxValue1": 10.0,
        "Name": "of Knowledge",
        "MinValue2": 0.0,
        "MaxValue2": 0.0,
        "Stat2": "",
        "ShowOnMap": true
      },
      "13073": {
        "ModID": "TowerDeliriumDifficultyIncrease",
        "Description": "$% Inc. Delirium Difficulty",
        "RequiredContent": "Delirium",
        "Weight": 0.1,
        "MinValueToShow": 0.0,
        "Color": "200, 220, 220, 220",
        "MinValue1": 5.0,
        "MaxValue1": 10.0,
        "Name": "of Madness",
        "MinValue2": 0.0,
        "MaxValue2": 0.0,
        "Stat2": "",
        "ShowOnMap": true
      },
      "20989": {
        "ModID": "TowerDeliriumDoodadsIncrease",
        "Description": "Freeze Fog for $s per rare",
        "RequiredContent": "Delirium",
        "Weight": 0.1,
        "MinValueToShow": 0.0,
        "Color": "200, 220, 220, 220",
        "MinValue1": 5.0,
        "MaxValue1": 10.0,
        "Name": "of Mirrors",
        "MinValue2": 0.0,
        "MaxValue2": 0.0,
        "Stat2": "",
        "ShowOnMap": true
      },
      "20934": {
        "ModID": "TowerRitualOmenChance",
        "Description": "$% Inc. Omens",
        "RequiredContent": "Ritual",
        "Weight": 0.5,
        "MinValueToShow": 0.0,
        "Color": "200, 178, 34, 34",
        "MinValue1": 5.0,
        "MaxValue1": 10.0,
        "Name": "of Omens",
        "MinValue2": 0.0,
        "MaxValue2": 0.0,
        "Stat2": "",
        "ShowOnMap": true
      },
      "16900": {
        "ModID": "TowerDeliriumPackSizeIncrease",
        "Description": "$% Inc. Delirium Pack Size",
        "RequiredContent": "Delirium",
        "Weight": 0.25,
        "MinValueToShow": 0.0,
        "Color": "200, 220, 220, 220",
        "MinValue1": 5.0,
        "MaxValue1": 10.0,
        "Name": "of Persecution",
        "MinValue2": 0.0,
        "MaxValue2": 0.0,
        "Stat2": "",
        "ShowOnMap": true
      },
      "13015": {
        "ModID": "TowerDeliriumBossChance",
        "Description": "$% Inc. Boss Chance",
        "RequiredContent": "Delirium",
        "Weight": 0.5,
        "MinValueToShow": 0.0,
        "Color": "200, 220, 220, 220",
        "MinValue1": 5.0,
        "MaxValue1": 10.0,
        "Name": "of Phobia",
        "MinValue2": 0.0,
        "MaxValue2": 0.0,
        "Stat2": "",
        "ShowOnMap": true
      },
      "13378": {
        "ModID": "TowerRitualAdditionalReroll",
        "Description": "+$ Reroll",
        "RequiredContent": "Ritual",
        "Weight": 1.0,
        "MinValueToShow": 0.0,
        "Color": "200, 178, 34, 34",
        "MinValue1": 1.0,
        "MaxValue1": 1.0,
        "Name": "of Prayers",
        "MinValue2": 0.0,
        "MaxValue2": 0.0,
        "Stat2": "",
        "ShowOnMap": true
      },
      "20736": {
        "ModID": "TowerExpeditionRelicModEffect",
        "Description": "$% Inc. Relic Mod Effect",
        "RequiredContent": "Expedition",
        "Weight": 0.3,
        "MinValueToShow": 0.0,
        "Color": "200, 166, 177, 255",
        "MinValue1": 3.0,
        "MaxValue1": 6.0,
        "Name": "of Relics",
        "MinValue2": 0.0,
        "MaxValue2": 0.0,
        "Stat2": "",
        "ShowOnMap": true
      },
      "13974": {
        "ModID": "TowerExpeditionRunicMonsters",
        "Description": "$% Inc. Runic Mobs",
        "RequiredContent": "Expedition",
        "Weight": 0.25,
        "MinValueToShow": 0.0,
        "Color": "200, 166, 177, 255",
        "MinValue1": 5.0,
        "MaxValue1": 10.0,
        "Name": "of Runes",
        "MinValue2": 0.0,
        "MaxValue2": 0.0,
        "Stat2": "",
        "ShowOnMap": true
      },
      "16762": {
        "ModID": "TowerBreach3AdditionalChance",
        "Description": "$% Chance for +3 Breaches",
        "RequiredContent": "Breach",
        "Weight": 5.0,
        "MinValueToShow": 0.0,
        "Color": "200, 166, 90, 255",
        "MinValue1": 2.0,
        "MaxValue1": 4.0,
        "Name": "of Rupturing",
        "MinValue2": 0.0,
        "MaxValue2": 0.0,
        "Stat2": "",
        "ShowOnMap": true
      },
      "13377": {
        "ModID": "TowerRitualTributeIncrease",
        "Description": "$% Inc. Tribute",
        "RequiredContent": "Ritual",
        "Weight": 1.0,
        "MinValueToShow": 0.0,
        "Color": "200, 178, 34, 34",
        "MinValue1": 5.0,
        "MaxValue1": 10.0,
        "Name": "of Sacrifice",
        "MinValue2": 0.0,
        "MaxValue2": 0.0,
        "Stat2": "",
        "ShowOnMap": true
      },
      "16344": {
        "ModID": "TowerAdditionalShrineChance",
        "Description": "$% inc. Shrine Chance",
        "RequiredContent": "",
        "Weight": 0.1,
        "MinValueToShow": 0.0,
        "Color": "White",
        "MinValue1": 10.0,
        "MaxValue1": 20.0,
        "Name": "of Shrines",
        "MinValue2": 0.0,
        "MaxValue2": 0.0,
        "Stat2": "",
        "ShowOnMap": true
      },
      "16345": {
        "ModID": "TowerAdditionalStrongboxChance",
        "Description": "$% Inc. Strongbox Chance",
        "RequiredContent": "",
        "Weight": 0.1,
        "MinValueToShow": 0.0,
        "Color": "White",
        "MinValue1": 10.0,
        "MaxValue1": 20.0,
        "Name": "of Strongboxes",
        "MinValue2": 0.0,
        "MaxValue2": 0.0,
        "Stat2": "",
        "ShowOnMap": true
      },
      "16923": {
        "ModID": "TowerRitualDeferSpeed",
        "Description": "$% Inc. Defer Speed",
        "RequiredContent": "Ritual",
        "Weight": 0.1,
        "MinValueToShow": 0.0,
        "Color": "200, 178, 34, 34",
        "MinValue1": 10.0,
        "MaxValue1": 15.0,
        "Name": "of the Appeal",
        "MinValue2": 0.0,
        "MaxValue2": 0.0,
        "Stat2": "",
        "ShowOnMap": true
      },
      "8285": {
        "ModID": "TowerMapDroppedMapsIncrease",
        "Description": "$% Inc. Maps",
        "RequiredContent": "",
        "Weight": 0.25,
        "MinValueToShow": 0.0,
        "Color": "White",
        "MinValue1": 10.0,
        "MaxValue1": 20.0,
        "Name": "of the Cartographer",
        "MinValue2": 0.0,
        "MaxValue2": 0.0,
        "Stat2": "",
        "ShowOnMap": true
      },
      "13008": {
        "ModID": "TowerBreachRareMonsterIncrease",
        "Description": "$% Inc. Breach Rare Mobs",
        "RequiredContent": "Breach",
        "Weight": 2.0,
        "MinValueToShow": 0.0,
        "Color": "200, 166, 90, 255",
        "MinValue1": 1.0,
        "MaxValue1": 1.0,
        "Name": "of the Commander",
        "MinValue2": 0.0,
        "MaxValue2": 0.0,
        "Stat2": "",
        "ShowOnMap": true
      },
      "20933": {
        "ModID": "TowerRitualMagicMonsters",
        "Description": "$% Inc. Ritual Magic Mobs",
        "RequiredContent": "Ritual",
        "Weight": 0.25,
        "MinValueToShow": 0.0,
        "Color": "200, 178, 34, 34",
        "MinValue1": 10.0,
        "MaxValue1": 15.0,
        "Name": "of the Cult",
        "MinValue2": 0.0,
        "MaxValue2": 0.0,
        "Stat2": "",
        "ShowOnMap": true
      },
      "13684": {
        "ModID": "TowerExpeditionExplosionRadius",
        "Description": "$% Inc. Explosion Radius",
        "RequiredContent": "Expedition",
        "Weight": 0.1,
        "MinValueToShow": 0.0,
        "Color": "200, 166, 177, 255",
        "MinValue1": 5.0,
        "MaxValue1": 10.0,
        "Name": "of the Demolition",
        "MinValue2": 0.0,
        "MaxValue2": 0.0,
        "Stat2": "",
        "ShowOnMap": true
      },
      "13945": {
        "ModID": "TowerExpeditionExplosionPlacement",
        "Description": "$% Inc. Explosion Placement",
        "RequiredContent": "Expedition",
        "Weight": 0.1,
        "MinValueToShow": 0.0,
        "Color": "200, 166, 177, 255",
        "MinValue1": 5.0,
        "MaxValue1": 10.0,
        "Name": "of the Detonator",
        "MinValue2": 0.0,
        "MaxValue2": 0.0,
        "Stat2": "",
        "ShowOnMap": true
      },
      "13437": {
        "ModID": "TowerRitualRerollCostIncrease",
        "Description": "$% Dec. Reroll Cost",
        "RequiredContent": "Ritual",
        "Weight": 0.25,
        "MinValueToShow": 0.0,
        "Color": "200, 178, 34, 34",
        "MinValue1": 10.0,
        "MaxValue1": 15.0,
        "Name": "of the Dogma",
        "MinValue2": 0.0,
        "MaxValue2": 0.0,
        "Stat2": "",
        "ShowOnMap": true
      },
      "14862": {
        "ModID": "TowerBreachMonsterSplinterIncrease",
        "Description": "$% Inc. Breach Splinters",
        "RequiredContent": "Breach",
        "Weight": 0.5,
        "MinValueToShow": 0.0,
        "Color": "200, 166, 90, 255",
        "MinValue1": 5.0,
        "MaxValue1": 10.0,
        "Name": "of the Domain",
        "MinValue2": 0.0,
        "MaxValue2": 0.0,
        "Stat2": "",
        "ShowOnMap": true
      },
      "16347": {
        "ModID": "TowerAdditionalEssenceChance",
        "Description": "$% Inc. Essence",
        "RequiredContent": "",
        "Weight": 0.1,
        "MinValueToShow": 0.0,
        "Color": "White",
        "MinValue1": 10.0,
        "MaxValue1": 20.0,
        "Name": "of the Essence",
        "MinValue2": 0.0,
        "MaxValue2": 0.0,
        "Stat2": "",
        "ShowOnMap": true
      },
      "13030": {
        "ModID": "TowerBreachSpeedIncrease",
        "Description": "$% Inc. Breach Speed",
        "RequiredContent": "Breach",
        "Weight": 0.25,
        "MinValueToShow": 0.0,
        "Color": "200, 166, 90, 255",
        "MinValue1": 5.0,
        "MaxValue1": 10.0,
        "Name": "of the Flash",
        "MinValue2": 8.0,
        "MaxValue2": 12.0,
        "Stat2": "5271",
        "ShowOnMap": true
      },
      "20932": {
        "ModID": "TowerRitualRareMonsters",
        "Description": "$% Inc. Ritual Rare Mobs",
        "RequiredContent": "Ritual",
        "Weight": 0.25,
        "MinValueToShow": 0.0,
        "Color": "200, 178, 34, 34",
        "MinValue1": 15.0,
        "MaxValue1": 25.0,
        "Name": "of the Foundling",
        "MinValue2": 0.0,
        "MaxValue2": 0.0,
        "Stat2": "",
        "ShowOnMap": true
      },
      "12621": {
        "ModID": "TowerBreachChestAdditional",
        "Description": "$% Inc. Breach Chests",
        "RequiredContent": "Breach",
        "Weight": 0.1,
        "MinValueToShow": 0.0,
        "Color": "200, 166, 90, 255",
        "MinValue1": 1.0,
        "MaxValue1": 1.0,
        "Name": "of the Hand",
        "MinValue2": 0.0,
        "MaxValue2": 0.0,
        "Stat2": "",
        "ShowOnMap": true
      },
      "13009": {
        "ModID": "TowerBreachMagicMonsterIncrease",
        "Description": "$% Inc. Breach Magic Mobs",
        "RequiredContent": "Breach",
        "Weight": 0.25,
        "MinValueToShow": 0.0,
        "Color": "200, 166, 90, 255",
        "MinValue1": 15.0,
        "MaxValue1": 25.0,
        "Name": "of the Hoard",
        "MinValue2": 0.0,
        "MaxValue2": 0.0,
        "Stat2": "",
        "ShowOnMap": true
      },
      "5271": {
        "ModID": "TowerBreachDensityIncrease",
        "Description": "$% Inc. Breach Density",
        "RequiredContent": "Breach",
        "Weight": 0.5,
        "MinValueToShow": 0.0,
        "Color": "200, 166, 90, 255",
        "MinValue1": 5.0,
        "MaxValue1": 10.0,
        "Name": "of the Invasion",
        "MinValue2": 0.0,
        "MaxValue2": 0.0,
        "Stat2": "",
        "ShowOnMap": true
      },
      "20519": {
        "ModID": "TowerRareAdditionalModChance",
        "Description": "$% Inc. Rare Mod Chance",
        "RequiredContent": "",
        "Weight": 0.05,
        "MinValueToShow": 0.0,
        "Color": "200, 255, 215, 0",
        "MinValue1": 20.0,
        "MaxValue1": 30.0,
        "Name": "of the Nemesis",
        "MinValue2": 0.0,
        "MaxValue2": 0.0,
        "Stat2": "",
        "ShowOnMap": true
      },
      "16922": {
        "ModID": "TowerRitualChanceForNoCost",
        "Description": "$% Chance for No Reroll Cost",
        "RequiredContent": "Ritual",
        "Weight": 0.25,
        "MinValueToShow": 0.0,
        "Color": "200, 178, 34, 34",
        "MinValue1": 1.0,
        "MaxValue1": 3.0,
        "Name": "of the Occult",
        "MinValue2": 0.0,
        "MaxValue2": 0.0,
        "Stat2": "",
        "ShowOnMap": true
      },
      "16915": {
        "ModID": "TowerDeliriumRewardProgressIncrease",
        "Description": "$% Inc. Delirum Rewards",
        "RequiredContent": "Delirium",
        "Weight": 0.5,
        "MinValueToShow": 0.0,
        "Color": "200, 220, 220, 220",
        "MinValue1": 5.0,
        "MaxValue1": 10.0,
        "Name": "of the Pursuit",
        "MinValue2": 0.0,
        "MaxValue2": 0.0,
        "Stat2": "",
        "ShowOnMap": true
      },
      "12946": {
        "ModID": "TowerDeliriumMonsterSplinterIncrease",
        "Description": "$% Inc. Delirium Splinters",
        "RequiredContent": "Delirium",
        "Weight": 0.5,
        "MinValueToShow": 0.0,
        "Color": "200, 220, 220, 220",
        "MinValue1": 5.0,
        "MaxValue1": 10.0,
        "Name": "of the Simulacrum",
        "MinValue2": 0.0,
        "MaxValue2": 0.0,
        "Stat2": "",
        "ShowOnMap": true
      },
      "13080": {
        "ModID": "TowerDeliriumFogPersistence",
        "Description": "$% Dec. Fog Persistence",
        "RequiredContent": "Delirium",
        "Weight": 0.1,
        "MinValueToShow": 0.0,
        "Color": "200, 220, 220, 220",
        "MinValue1": -15.0,
        "MaxValue1": -10.0,
        "Name": "of the Unending",
        "MinValue2": 0.0,
        "MaxValue2": 0.0,
        "Stat2": "",
        "ShowOnMap": true
      },
      "14088": {
        "ModID": "TowerExpeditionRelicIncrease",
        "Description": "$% Inc. Relics",
        "RequiredContent": "Expedition",
        "Weight": 1.0,
        "MinValueToShow": 0.0,
        "Color": "200, 166, 177, 255",
        "MinValue1": 1.0,
        "MaxValue1": 1.0,
        "Name": "of the Writings",
        "MinValue2": 0.0,
        "MaxValue2": 0.0,
        "Stat2": "",
        "ShowOnMap": true
      },
      "4752": {
        "ModID": "TowerMapAdditionalModifier",
        "Description": "$% Inc. Map Mod",
        "RequiredContent": "",
        "Weight": 0.25,
        "MinValueToShow": 0.0,
        "Color": "White",
        "MinValue1": 1.0,
        "MaxValue1": 1.0,
        "Name": "of Undertaking",
        "MinValue2": 0.0,
        "MaxValue2": 0.0,
        "Stat2": "",
        "ShowOnMap": true
      },
      "13978": {
        "ModID": "TowerExpeditionArtifactIncrease",
        "Description": "$% Inc. Artifacts",
        "RequiredContent": "Expedition",
        "Weight": 0.2,
        "MinValueToShow": 0.0,
        "Color": "200, 166, 177, 255",
        "MinValue1": 5.0,
        "MaxValue1": 10.0,
        "Name": "of Verisium",
        "MinValue2": 0.0,
        "MaxValue2": 0.0,
        "Stat2": "",
        "ShowOnMap": true
      },
      "1004": {
        "ModID": "TowerDroppedItemQuantityIncrease1",
        "Description": "$% Inc. Quantity",
        "RequiredContent": "",
        "Weight": 0.5,
        "MinValueToShow": 0.0,
        "Color": "200, 255, 215, 0",
        "MinValue1": 10.0,
        "MaxValue1": 20.0,
        "Name": "Plundering",
        "MinValue2": 0.0,
        "MaxValue2": 0.0,
        "Stat2": "1202",
        "ShowOnMap": true
      },
      "990": {
        "ModID": "TowerMagicPackIncrease1",
        "Description": "$% Inc. Magic Packs",
        "RequiredContent": "",
        "Weight": 0.1,
        "MinValueToShow": 0.0,
        "Color": "200, 30, 144, 255",
        "MinValue1": 15.0,
        "MaxValue1": 25.0,
        "Name": "Teeming",
        "MinValue2": 0.0,
        "MaxValue2": 0.0,
        "Stat2": "",
        "ShowOnMap": true
      }
    },
    "ShowOnTowers": false,
    "ShowOnMaps": false,
    "OnlyDrawApplicableMods": false,
    "MapModScale": 0.75,
    "MapModOffset": 25
  },
  "Waypoints": {
    "PanelIsOpen": false,
    "ShowWaypoints": true,
    "ShowWaypointArrows": true,
    "WaypointPanelMaxItems": 30,
    "WaypointPanelSortBy": "Weight",
    "WaypointsUseRegex": false,
    "ShowUnlockedOnly": false,
    "WaypointPanelFilter": "",
    "Waypoints": {}
  }
}