{
  "IgnoredCells": [
    [
      true,
      true,
      false,
      false,
      false,
      false,
      false,
      false,
      false,
      false,
      false,
      true
    ],
    [
      true,
      true,
      false,
      false,
      false,
      false,
      false,
      false,
      false,
      false,
      false,
      true
    ],
    [
      true,
      true,
      false,
      false,
      false,
      false,
      false,
      false,
      false,
      false,
      false,
      true
    ],
    [
      true,
      true,
      false,
      false,
      false,
      false,
      false,
      false,
      false,
      false,
      false,
      true
    ],
    [
      true,
      true,
      false,
      false,
      false,
      false,
      false,
      false,
      false,
      false,
      false,
      true
    ]
  ],
  "Enable": {
    "Value": true,
    "AttachedHotkey": {
      "ValueV2": {
        "ControllerKey": "None",
        "ControllerModifierKey": "None",
        "Key": "None"
      }
    }
  },
  "DumpButtonEnable": {
    "Value": true,
    "AttachedHotkey": {
      "ValueV2": {
        "ControllerKey": "None",
        "ControllerModifierKey": "None",
        "Key": "None"
      }
    }
  },
  "ShowStackSizes": {
    "Value": true,
    "AttachedHotkey": {
      "ValueV2": {
        "ControllerKey": "None",
        "ControllerModifierKey": "None",
        "Key": "None"
      }
    }
  },
  "ShowStackCountWithSize": {
    "Value": true,
    "AttachedHotkey": {
      "ValueV2": {
        "ControllerKey": "None",
        "ControllerModifierKey": "None",
        "Key": "None"
      }
    }
  },
  "MoveToInventoryHotkey": {
    "Value": 112
  },
  "UseMoveToInventoryAsMoveToStashWhenNoHighlights": {
    "Value": false,
    "AttachedHotkey": {
      "ValueV2": {
        "ControllerKey": "None",
        "ControllerModifierKey": "None",
        "Key": "None"
      }
    }
  },
  "MoveToStashHotkey": {
    "Value": 0
  },
  "InvertSelection": {
    "Value": false,
    "AttachedHotkey": {
      "ValueV2": {
        "ControllerKey": "None",
        "ControllerModifierKey": "None",
        "Key": "None"
      }
    }
  },
  "ShowCustomFilterWindow": {
    "Value": false,
    "AttachedHotkey": {
      "ValueV2": {
        "ControllerKey": "None",
        "ControllerModifierKey": "None",
        "Key": "None"
      }
    }
  },
  "ResetCustomFilterOnPanelClose": {
    "Value": true,
    "AttachedHotkey": {
      "ValueV2": {
        "ControllerKey": "None",
        "ControllerModifierKey": "None",
        "Key": "None"
      }
    }
  },
  "UsePopupForFilterSelector": {
    "Value": false,
    "AttachedHotkey": {
      "ValueV2": {
        "ControllerKey": "None",
        "ControllerModifierKey": "None",
        "Key": "None"
      }
    }
  },
  "CustomFilterFrameThickness": {
    "Value": 2
  },
  "CustomFilterFrameColor": "ee82eeff",
  "CustomFilterBorderRounding": {
    "Value": 0.0
  },
  "CustomFilterBorderDeflation": {
    "Value": 8
  },
  "ExtraDelay": {
    "Value": 21
  },
  "UseThreadSleep": {
    "Value": false,
    "AttachedHotkey": {
      "ValueV2": {
        "ControllerKey": "None",
        "ControllerModifierKey": "None",
        "Key": "None"
      }
    }
  },
  "IdleMouseDelay": {
    "Value": 190
  },
  "CancelWithRightMouseButton": {
    "Value": true,
    "AttachedHotkey": {
      "ValueV2": {
        "ControllerKey": "None",
        "ControllerModifierKey": "None",
        "Key": "None"
      }
    }
  },
  "VerifyTargetInventoryIsOpened": {
    "Value": true,
    "AttachedHotkey": {
      "ValueV2": {
        "ControllerKey": "None",
        "ControllerModifierKey": "None",
        "Key": "None"
      }
    }
  },
  "VerifyButtonIsNotObstructed": {
    "Value": true,
    "AttachedHotkey": {
      "ValueV2": {
        "ControllerKey": "None",
        "ControllerModifierKey": "None",
        "Key": "None"
      }
    }
  },
  "UseCustomMoveToStashButtonPosition": {
    "Value": true,
    "AttachedHotkey": {
      "ValueV2": {
        "ControllerKey": "None",
        "ControllerModifierKey": "None",
        "Key": "None"
      }
    }
  },
  "CustomMoveToStashButtonPosition": {
    "Value": {
      "X": 644.0,
      "Y": 285.0
    }
  },
  "UseCustomMoveToInventoryButtonPosition": {
    "Value": false,
    "AttachedHotkey": {
      "ValueV2": {
        "ControllerKey": "None",
        "ControllerModifierKey": "None",
        "Key": "None"
      }
    }
  },
  "CustomMoveToInventoryButtonPosition": {
    "Value": {
      "X": 0.0,
      "Y": 0.0
    }
  },
  "SavedFilters": [],
  "OpenSavedFilterList": true
}