{
  "DrawMonsters": {
    "Value": true,
    "AttachedHotkey": {
      "ValueV2": {
        "ControllerKey": "None",
        "ControllerModifierKey": "None",
        "Key": "None"
      }
    }
  },
  "ZForText": {
    "Value": -10.0
  },
  "DrawOnlyOnLargeMap": {
    "Value": true,
    "AttachedHotkey": {
      "ValueV2": {
        "ControllerKey": "None",
        "ControllerModifierKey": "None",
        "Key": "None"
      }
    }
  },
  "DrawCachedEntities": {
    "Value": true,
    "AttachedHotkey": {
      "ValueV2": {
        "ControllerKey": "None",
        "ControllerModifierKey": "None",
        "Key": "None"
      }
    }
  },
  "DrawReplacementsForGameIconsWhenOutOfRange": {
    "Value": true,
    "AttachedHotkey": {
      "ValueV2": {
        "ControllerKey": "None",
        "ControllerModifierKey": "None",
        "Key": "None"
      }
    }
  },
  "IgnoreFullscreenPanels": {
    "Value": false,
    "AttachedHotkey": {
      "ValueV2": {
        "ControllerKey": "None",
        "ControllerModifierKey": "None",
        "Key": "None"
      }
    }
  },
  "IgnoreLargePanels": {
    "Value": false,
    "AttachedHotkey": {
      "ValueV2": {
        "ControllerKey": "None",
        "ControllerModifierKey": "None",
        "Key": "None"
      }
    }
  },
  "CacheBreachEntities": {
    "Value": true,
    "AttachedHotkey": {
      "ValueV2": {
        "ControllerKey": "None",
        "ControllerModifierKey": "None",
        "Key": "None"
      }
    }
  },
  "Enable": {
    "Value": true,
    "AttachedHotkey": {
      "ValueV2": {
        "ControllerKey": "None",
        "ControllerModifierKey": "None",
        "Key": "None"
      }
    }
  },
  "IconListRefreshPeriod": {
    "Value": 100
  },
  "AlwaysShownIngameIcons": {
    "Content": [
      {
        "Value": "Metadata/MiscellaneousObjects/Breach/BreachObject"
      },
      {
        "Value": "Metadata/Terrain/Leagues/Ritual/RitualRuneInteractable"
      }
    ]
  },
  "IconsBuilderSettings": {
    "RunEveryXTicks": {
      "Value": 10
    },
    "LogDebugInformation": {
      "Value": true,
      "AttachedHotkey": {
        "ValueV2": {
          "ControllerKey": "None",
          "ControllerModifierKey": "None",
          "Key": "None"
        }
      }
    },
    "HidePlayers": {
      "Value": true,
      "AttachedHotkey": {
        "ValueV2": {
          "ControllerKey": "None",
          "ControllerModifierKey": "None",
          "Key": "None"
        }
      }
    },
    "HideMinions": {
      "Value": true,
      "AttachedHotkey": {
        "ValueV2": {
          "ControllerKey": "None",
          "ControllerModifierKey": "None",
          "Key": "None"
        }
      }
    },
    "DeliriumText": {
      "Value": false,
      "AttachedHotkey": {
        "ValueV2": {
          "ControllerKey": "None",
          "ControllerModifierKey": "None",
          "Key": "None"
        }
      }
    },
    "HideBurriedMonsters": {
      "Value": false,
      "AttachedHotkey": {
        "ValueV2": {
          "ControllerKey": "None",
          "ControllerModifierKey": "None",
          "Key": "None"
        }
      }
    },
    "UseReplacementsForGameIconsWhenOutOfRange": {
      "Value": true,
      "AttachedHotkey": {
        "ValueV2": {
          "ControllerKey": "None",
          "ControllerModifierKey": "None",
          "Key": "None"
        }
      }
    },
    "UseReplacementsForItemIconsWhenOutOfRange": {
      "Value": true,
      "AttachedHotkey": {
        "ValueV2": {
          "ControllerKey": "None",
          "ControllerModifierKey": "None",
          "Key": "None"
        }
      }
    },
    "SizeDefaultIcon": 16.0,
    "SizeNpcIcon": {
      "Value": 10
    },
    "SizeEntityWhiteIcon": {
      "Value": 3
    },
    "SizeEntityMagicIcon": {
      "Value": 4
    },
    "SizeEntityRareIcon": {
      "Value": 10
    },
    "SizeEntityUniqueIcon": {
      "Value": 8
    },
    "SizeEntityProximityMonsterIcon": {
      "Value": 10
    },
    "SizeBreachChestIcon": {
      "Value": 10
    },
    "SizeHeistChestIcon": {
      "Value": 16
    },
    "ExpeditionChestIconSize": {
      "Value": 16
    },
    "SanctumChestIconSize": {
      "Value": 16
    },
    "SanctumGoldIconSize": {
      "Value": 16
    },
    "SizeChestIcon": {
      "Value": 5
    },
    "ShowSmallChest": {
      "Value": false,
      "AttachedHotkey": {
        "ValueV2": {
          "ControllerKey": "None",
          "ControllerModifierKey": "None",
          "Key": "None"
        }
      }
    },
    "SizeSmallChestIcon": {
      "Value": 10
    },
    "SizeMiscIcon": {
      "Value": 10
    },
    "SizeShrineIcon": {
      "Value": 10
    },
    "CustomIcons": {
      "Content": []
    }
  }
}