{
  "PickitRules": [],
  "Enable": {
    "Value": true,
    "AttachedHotkey": {
      "ValueV2": {
        "ControllerKey": "None",
        "ControllerModifierKey": "None",
        "Key": "None"
      }
    }
  },
  "ShowInventoryView": {
    "Value": false,
    "AttachedHotkey": {
      "ValueV2": {
        "ControllerKey": "None",
        "ControllerModifierKey": "None",
        "Key": "None"
      }
    }
  },
  "InventoryPos": {
    "Value": {
      "X": 0.0,
      "Y": 0.0
    }
  },
  "ProfilerHotkey": {
    "Value": 0
  },
  "PickUpKey": {
    "Value": 16
  },
  "PickUpWhenInventoryIsFull": {
    "Value": false,
    "AttachedHotkey": {
      "ValueV2": {
        "ControllerKey": "None",
        "ControllerModifierKey": "None",
        "Key": "None"
      }
    }
  },
  "PickUpEverything": {
    "Value": true,
    "AttachedHotkey": {
      "ValueV2": {
        "ControllerKey": "None",
        "ControllerModifierKey": "None",
        "Key": "None"
      }
    }
  },
  "ItemPickupRange": {
    "Value": 600
  },
  "MonsterCheckRange": {
    "Value": 1000
  },
  "PauseBetweenClicks": {
    "Value": 36
  },
  "IgnoreMoving": {
    "Value": true,
    "AttachedHotkey": {
      "ValueV2": {
        "ControllerKey": "None",
        "ControllerModifierKey": "None",
        "Key": "None"
      }
    }
  },
  "ItemDistanceToIgnoreMoving": {
    "Value": 374
  },
  "AutoClickHoveredLootInRange": {
    "Value": false,
    "AttachedHotkey": {
      "ValueV2": {
        "ControllerKey": "None",
        "ControllerModifierKey": "None",
        "Key": "None"
      }
    }
  },
  "SmoothCursorMovement": {
    "Value": true,
    "AttachedHotkey": {
      "ValueV2": {
        "ControllerKey": "None",
        "ControllerModifierKey": "None",
        "Key": "None"
      }
    }
  },
  "UseInputLock": {
    "Value": true,
    "AttachedHotkey": {
      "ValueV2": {
        "ControllerKey": "None",
        "ControllerModifierKey": "None",
        "Key": "None"
      }
    }
  },
  "LazyLooting": {
    "Value": false,
    "AttachedHotkey": {
      "ValueV2": {
        "ControllerKey": "None",
        "ControllerModifierKey": "None",
        "Key": "None"
      }
    }
  },
  "NoLazyLootingWhileEnemyClose": {
    "Value": true,
    "AttachedHotkey": {
      "ValueV2": {
        "ControllerKey": "None",
        "ControllerModifierKey": "None",
        "Key": "None"
      }
    }
  },
  "LazyLootingPauseKey": {
    "Value": 0
  },
  "NoLootingWhileEnemyClose": {
    "Value": false,
    "AttachedHotkey": {
      "ValueV2": {
        "ControllerKey": "None",
        "ControllerModifierKey": "None",
        "Key": "None"
      }
    }
  },
  "MiscOptions": {
    "MiscPickitRange": {
      "Value": 56
    },
    "ClickChests": {
      "Value": true,
      "AttachedHotkey": {
        "ValueV2": {
          "ControllerKey": "None",
          "ControllerModifierKey": "None",
          "Key": "None"
        }
      }
    },
    "ClickDoors": {
      "Value": true,
      "AttachedHotkey": {
        "ValueV2": {
          "ControllerKey": "None",
          "ControllerModifierKey": "None",
          "Key": "None"
        }
      }
    },
    "ClickZoneTransitions": {
      "Value": false,
      "AttachedHotkey": {
        "ValueV2": {
          "ControllerKey": "None",
          "ControllerModifierKey": "None",
          "Key": "None"
        }
      }
    }
  },
  "CustomConfigDir": {
    "Value": ""
  }
}