{
  "AutoDumpInstanceOnAreaChange": {
    "Value": false,
    "AttachedHotkey": {
      "ValueV2": {
        "ControllerKey": "None",
        "ControllerModifierKey": "None",
        "Key": "None"
      }
    }
  },
  "ManuallyDumpInstance": {
    "Value": 0
  },
  "Enable": {
    "Value": true,
    "AttachedHotkey": {
      "ValueV2": {
        "ControllerKey": "None",
        "ControllerModifierKey": "None",
        "Key": "None"
      }
    }
  },
  "CustomScale": {
    "Value": 1.0
  },
  "DrawWalkableMap": {
    "Value": true,
    "AttachedHotkey": {
      "ValueV2": {
        "ControllerKey": "None",
        "ControllerModifierKey": "None",
        "Key": "None"
      }
    }
  },
  "TerrainColor": "96969696",
  "MaximumMapTextureDimension": {
    "Value": 4096
  },
  "MaximumPathCount": {
    "Value": 1000
  },
  "PathfindingSettings": {
    "ShowPathsToTargetsOnMap": {
      "Value": true,
      "AttachedHotkey": {
        "ValueV2": {
          "ControllerKey": "None",
          "ControllerModifierKey": "None",
          "Key": "None"
        }
      }
    },
    "DefaultMapPathColor": "008000ff",
    "UseRainbowColorsForMapPaths": {
      "Value": true,
      "AttachedHotkey": {
        "ValueV2": {
          "ControllerKey": "None",
          "ControllerModifierKey": "None",
          "Key": "None"
        }
      }
    },
    "ShowAllTargets": {
      "Value": false,
      "AttachedHotkey": {
        "ValueV2": {
          "ControllerKey": "None",
          "ControllerModifierKey": "None",
          "Key": "None"
        }
      }
    },
    "MaxTargetNameCount": {
      "Value": 10
    },
    "IncludeTilePathsAsTargets": {
      "Value": true,
      "AttachedHotkey": {
        "ValueV2": {
          "ControllerKey": "None",
          "ControllerModifierKey": "None",
          "Key": "None"
        }
      }
    },
    "ShowSelectedTargets": {
      "Value": true,
      "AttachedHotkey": {
        "ValueV2": {
          "ControllerKey": "None",
          "ControllerModifierKey": "None",
          "Key": "None"
        }
      }
    },
    "EnableTargetNameBackground": {
      "Value": true,
      "AttachedHotkey": {
        "ValueV2": {
          "ControllerKey": "None",
          "ControllerModifierKey": "None",
          "Key": "None"
        }
      }
    },
    "TargetNameColor": "ee82eeff",
    "WorldPathSettings": {
      "ShowPathsToTargets": {
        "Value": true,
        "AttachedHotkey": {
          "ValueV2": {
            "ControllerKey": "None",
            "ControllerModifierKey": "None",
            "Key": "None"
          }
        }
      },
      "ShowPathsToTargetsOnlyWithClosedMap": {
        "Value": true,
        "AttachedHotkey": {
          "ValueV2": {
            "ControllerKey": "None",
            "ControllerModifierKey": "None",
            "Key": "None"
          }
        }
      },
      "UseRainbowColorsForPaths": {
        "Value": true,
        "AttachedHotkey": {
          "ValueV2": {
            "ControllerKey": "None",
            "ControllerModifierKey": "None",
            "Key": "None"
          }
        }
      },
      "DefaultPathColor": "ff0000ff",
      "OffsetPaths": {
        "Value": true,
        "AttachedHotkey": {
          "ValueV2": {
            "ControllerKey": "None",
            "ControllerModifierKey": "None",
            "Key": "None"
          }
        }
      },
      "PathThickness": {
        "Value": 1.0
      },
      "DrawEveryNthSegment": {
        "Value": 1
      }
    }
  },
  "Debug": {
    "DrawHeightMap": {
      "Value": false,
      "AttachedHotkey": {
        "ValueV2": {
          "ControllerKey": "None",
          "ControllerModifierKey": "None",
          "Key": "None"
        }
      }
    },
    "DisableHeightAdjust": {
      "Value": false,
      "AttachedHotkey": {
        "ValueV2": {
          "ControllerKey": "None",
          "ControllerModifierKey": "None",
          "Key": "None"
        }
      }
    },
    "SkipNeighborFill": {
      "Value": false,
      "AttachedHotkey": {
        "ValueV2": {
          "ControllerKey": "None",
          "ControllerModifierKey": "None",
          "Key": "None"
        }
      }
    },
    "SkipEdgeDetector": {
      "Value": false,
      "AttachedHotkey": {
        "ValueV2": {
          "ControllerKey": "None",
          "ControllerModifierKey": "None",
          "Key": "None"
        }
      }
    },
    "SkipRecoloring": {
      "Value": false,
      "AttachedHotkey": {
        "ValueV2": {
          "ControllerKey": "None",
          "ControllerModifierKey": "None",
          "Key": "None"
        }
      }
    },
    "DisableDrawRegionLimiting": {
      "Value": false,
      "AttachedHotkey": {
        "ValueV2": {
          "ControllerKey": "None",
          "ControllerModifierKey": "None",
          "Key": "None"
        }
      }
    },
    "IgnoreFullscreenPanels": {
      "Value": false,
      "AttachedHotkey": {
        "ValueV2": {
          "ControllerKey": "None",
          "ControllerModifierKey": "None",
          "Key": "None"
        }
      }
    },
    "IgnoreLargePanels": {
      "Value": false,
      "AttachedHotkey": {
        "ValueV2": {
          "ControllerKey": "None",
          "ControllerModifierKey": "None",
          "Key": "None"
        }
      }
    },
    "MapCenterOffsetX": {
      "Value": 0
    },
    "MapCenterOffsetY": {
      "Value": 0
    }
  }
}